"","Dendritic_quanTIseq","NK_quanTIseq","T.CD8_quanTIseq","Tregs_quanTIseq","Mouse_treatment","Condition","Timepoint","ICB_study","GSM_ID","Cell_Line","Cancer_type","Study_ID"
"SRX3453162",0,0.0008787228,0,0,"isotype",NA,NA,"Baseline","GSM2879407","EMT6","Mammary carcinoma","GSE107801"
"SRX3453163",0.0020604228,0.0009403476,0,0.0004059422,"isotype",NA,NA,"Baseline","GSM2879408","EMT6","Mammary carcinoma","GSE107801"
"SRX3453164",0.0015896256,0.0007391832,0,0.0003522564,"isotype",NA,NA,"Baseline","GSM2879409","EMT6","Mammary carcinoma","GSE107801"
"SRX3453165",0.0008803206,0.00055823394,0,0.0003040642,"isotype",NA,NA,"Baseline","GSM2879410","EMT6","Mammary carcinoma","GSE107801"
"SRX3453166",0.001856193,0.0006909726,0,0.0003127,"isotype",NA,NA,"Baseline","GSM2879411","EMT6","Mammary carcinoma","GSE107801"
"SRX3453167",0.0020470956,0.0009254652,0,0.0004089758,"isotype",NA,NA,"Baseline","GSM2879412","EMT6","Mammary carcinoma","GSE107801"
"SRX3453168",0.001571058,0.000966741,0,0.0004061136,"isotype",NA,NA,"Baseline","GSM2879413","EMT6","Mammary carcinoma","GSE107801"
"SRX3453169",0.0012113844,0.00040641858,0,0.000273778,"isotype",NA,NA,"Baseline","GSM2879414","EMT6","Mammary carcinoma","GSE107801"
"SRX3453170",0.0019679106,0.0008485758,0,0.000368658,"isotype",NA,NA,"Baseline","GSM2879415","EMT6","Mammary carcinoma","GSE107801"
"SRX3453171",0.001318533,0.0007339332,0,0.000308386,"isotype",NA,NA,"Baseline","GSM2879416","EMT6","Mammary carcinoma","GSE107801"
"SRX3453172",0.0015511476,0.0005843982,0,0.0002433356,"anti_PDL1(mut)_TGFb_Trap_control","antiTGFb_trap",NA,"Baseline","GSM2879417","EMT6","Mammary carcinoma","GSE107801"
"SRX3453173",0.0028067382,0.0011523918,0,0.0004534404,"anti_PDL1(mut)_TGFb_Trap_control","antiTGFb_trap",NA,"Baseline","GSM2879418","EMT6","Mammary carcinoma","GSE107801"
"SRX3453174",0.002721417,0.0012284202,0,0.000464814,"anti_PDL1(mut)_TGFb_Trap_control","antiTGFb_trap",NA,"Baseline","GSM2879419","EMT6","Mammary carcinoma","GSE107801"
"SRX3453175",0.0018000012,0.0009097902,0,0.0004511768,"anti_PDL1(mut)_TGFb_Trap_control","antiTGFb_trap",NA,"Baseline","GSM2879420","EMT6","Mammary carcinoma","GSE107801"
"SRX3453176",0.0021045618,0.0008940672,0,0.0003658864,"anti_PDL1(mut)_TGFb_Trap_control","antiTGFb_trap",NA,"Baseline","GSM2879421","EMT6","Mammary carcinoma","GSE107801"
"SRX3453177",0.0021800988,0.000930651,0,0.0003622952,"anti_PDL1(mut)_TGFb_Trap_control","antiTGFb_trap",NA,"Baseline","GSM2879422","EMT6","Mammary carcinoma","GSE107801"
"SRX3453178",0.0034253484,0.0014126952,0,0.0005657342,"anti_PDL1(mut)_TGFb_Trap_control","antiTGFb_trap",NA,"Baseline","GSM2879423","EMT6","Mammary carcinoma","GSE107801"
"SRX3453179",0.0030485676,0.0014198442,0,0.000619234,"anti_PDL1(mut)_TGFb_Trap_control","antiTGFb_trap",NA,"Baseline","GSM2879424","EMT6","Mammary carcinoma","GSE107801"
"SRX3453180",0.003336933,0.0012880998,0,0.0005441122,"anti_PDL1(mut)_TGFb_Trap_control","antiTGFb_trap",NA,"Baseline","GSM2879425","EMT6","Mammary carcinoma","GSE107801"
"SRX3453181",0.0036936462,0.0014436846,0,0.0006378486,"anti_PDL1(mut)_TGFb_Trap_control","antiTGFb_trap",NA,"Baseline","GSM2879426","EMT6","Mammary carcinoma","GSE107801"
"SRX3453182",0.002753031,0.0011707356,0,0.000502093,"antiPDL1;",NA,NA,"R","GSM2879427","EMT6","Mammary carcinoma","GSE107801"
"SRX3453183",0.0031318524,0.0012005094,0,0.0005004038,"antiPDL1;",NA,NA,"R","GSM2879428","EMT6","Mammary carcinoma","GSE107801"
"SRX3453184",0.0026369436,0.0011118372,0,0.000498893,"antiPDL1;",NA,NA,"R","GSM2879429","EMT6","Mammary carcinoma","GSE107801"
"SRX3453185",0.0032637414,0.0013177632,0,0.0005653788,"antiPDL1;",NA,NA,"R","GSM2879430","EMT6","Mammary carcinoma","GSE107801"
"SRX3453186",0.0030422106,0.001230282,0,0.000536829,"antiPDL1;",NA,NA,"R","GSM2879431","EMT6","Mammary carcinoma","GSE107801"
"SRX3453187",0.0031163706,0.0013402308,0,0.0005560746,"antiPDL1;",NA,NA,"R","GSM2879432","EMT6","Mammary carcinoma","GSE107801"
"SRX3453188",0.002908065,0.0011786304,0,0.000493152,"antiPDL1;",NA,NA,"R","GSM2879433","EMT6","Mammary carcinoma","GSE107801"
"SRX3453189",0.0031801788,0.0013479876,0,0.0005852218,"antiPDL1;",NA,NA,"R","GSM2879434","EMT6","Mammary carcinoma","GSE107801"
"SRX3453190",0.0029297976,0.0011700192,0,0.000519735,"antiPDL1;",NA,NA,"R","GSM2879435","EMT6","Mammary carcinoma","GSE107801"
"SRX3453191",0.0035922462,0.0016815966,0,0.0006226184,"antiPDL1;",NA,NA,"R","GSM2879436","EMT6","Mammary carcinoma","GSE107801"
"SRX3453192",0.0042427116,0.0011274228,0,0.000458775,"M7824 (anti_PDL1_TGFb_Trap)","antiTGFb_trap",NA,"R","GSM2879437","EMT6","Mammary carcinoma","GSE107801"
"SRX3453193",0.0026228946,0.001069941,0,0.000458058,"M7824 (anti_PDL1_TGFb_Trap)","antiTGFb_trap",NA,"R","GSM2879438","EMT6","Mammary carcinoma","GSE107801"
"SRX3453194",0.0042103002,0.001806621,0,0.000721857,"M7824 (anti_PDL1_TGFb_Trap)","antiTGFb_trap",NA,"R","GSM2879439","EMT6","Mammary carcinoma","GSE107801"
"SRX3453195",0.0029915232,0.0014245482,1.078213e-05,0.0006048632,"M7824 (anti_PDL1_TGFb_Trap)","antiTGFb_trap",NA,"R","GSM2879440","EMT6","Mammary carcinoma","GSE107801"
"SRX3453196",0.0026890626,0.001045956,0,0.0005313968,"M7824 (anti_PDL1_TGFb_Trap)","antiTGFb_trap",NA,"R","GSM2879441","EMT6","Mammary carcinoma","GSE107801"
"SRX3453197",0.003368388,0.0009863328,0,0.0004194218,"M7824 (anti_PDL1_TGFb_Trap)","antiTGFb_trap",NA,"R","GSM2879442","EMT6","Mammary carcinoma","GSE107801"
"SRX3453198",0.0032988654,0.0011996886,0,0.0004882726,"M7824 (anti_PDL1_TGFb_Trap)","antiTGFb_trap",NA,"R","GSM2879443","EMT6","Mammary carcinoma","GSE107801"
"SRX3453199",0.0029961978,0.0008930286,0,0.0004563884,"M7824 (anti_PDL1_TGFb_Trap)","antiTGFb_trap",NA,"R","GSM2879444","EMT6","Mammary carcinoma","GSE107801"
"SRX3453200",0.0028742154,0.00119061,0,0.0005665568,"M7824 (anti_PDL1_TGFb_Trap)","antiTGFb_trap",NA,"R","GSM2879445","EMT6","Mammary carcinoma","GSE107801"
"SRX3453201",0.003137031,0.0013726356,0,0.0005487442,"M7824 (anti_PDL1_TGFb_Trap)","antiTGFb_trap",NA,"R","GSM2879446","EMT6","Mammary carcinoma","GSE107801"
"SRX3744255",0.0009468588,0.00038899308,2.031624e-05,0.0005163692,"no_treatment",NA,NA,NA,"GSM3024253","Met1","Mammary carcinoma","GSE111157"
"SRX3744256",0.000912648,0.00028585902,9.36073e-05,0.00014428288,"no_treatment",NA,NA,NA,"GSM3024254","Met1","Mammary carcinoma","GSE111157"
"SRX3744257",0.0010942896,0.00039167124,3.431282e-05,5.281544e-05,"no_treatment",NA,NA,NA,"GSM3024255","Met1","Mammary carcinoma","GSE111157"
"SRX3756779",0.000969075,0.00067425,0,0.000229478,"no_treatment",NA,NA,NA,"GSM3028602","4T1","Mammary carcinoma","GSE111329"
"SRX3756780",0.0008549604,0.00035023698,0,0.00017289148,"no_treatment",NA,NA,NA,"GSM3028603","4T1","Mammary carcinoma","GSE111329"
"SRX3972566",0.00035436192,0.0010068282,0,0,"no_treatment",NA,NA,NA,"GSM3104650","NDL(UCD)","Mammary carcinoma","GSE113379"
"SRX3972567",0.00023894466,0.00056867154,0,1.0809042e-05,"no_treatment",NA,NA,NA,"GSM3104651","NDL(UCD)","Mammary carcinoma","GSE113379"
"SRX3972568",0.00041661864,0.0014100732,0,0,"no_treatment",NA,NA,NA,"GSM3104652","NDL(UCD)","Mammary carcinoma","GSE113379"
"SRX5100689",0.0020644104,0.0007342974,0.0003823572,0.0005127884,"antiPD1; antiCTLA4;","day7","day7","R","GSM3554691","KPB25L","Mammary cancer, NOS","GSE124821"
"SRX5100686",0.0030451098,0.001085262,0,0.0003227706,"no_treatment","day7","day7","Baseline","GSM3554692","KPB25L","Mammary cancer, NOS","GSE124821"
"SRX5100687",0.0030096192,0.0010988538,3.49302e-05,0.0004047916,"no_treatment","day7","day7","Baseline","GSM3554693","KPB25L","Mammary cancer, NOS","GSE124821"
"SRX5100692",0.003046641,0.0010471212,3.331262e-05,0.0004029854,"no_treatment","day7","day7","Baseline","GSM3554694","KPB25L","Mammary cancer, NOS","GSE124821"
"SRX5100693",0.0031648746,0.000860631,0,0.0003356824,"no_treatment","day7","day7","Baseline","GSM3554695","KPB25L","Mammary cancer, NOS","GSE124821"
"SRX5100690",0.0022529988,0.0007249926,2.383052e-05,0.000245116,"antiPD1; antiCTLA4;","day7","day7","R","GSM3554696","KPB25L","Mammary cancer, NOS","GSE124821"
"SRX5100691",0.003449043,0.0008667516,3.151104e-06,0.0004006074,"antiPD1; antiCTLA4;","day7","day7","R","GSM3554697","KPB25L","Mammary cancer, NOS","GSE124821"
"SRX5100680",0.0043494576,0.0009490896,1.6895496e-05,0.0005095694,"antiPD1; antiCTLA4;","day7","day7","R","GSM3554698","KPB25L","Mammary cancer, NOS","GSE124821"
"SRX5100597",0.0029152284,0.000706455,0,0.0002796756,"no_treatment","end","end","Baseline","GSM3554699","KPB25L","Mammary cancer, NOS","GSE124821"
"SRX5100596",0.0032315094,0.0010024776,0,0.0003604744,"no_treatment","day3","day3","Baseline","GSM3554700","KPB25L","Mammary cancer, NOS","GSE124821"
"SRX5100599",0.0025472916,0.0006423648,0,0.0002765198,"no_treatment","end","end","Baseline","GSM3554701","KPB25L","Mammary cancer, NOS","GSE124821"
"SRX5100598",0.0025723194,0.0007225998,0,0.0003291106,"no_treatment","day3","day3","Baseline","GSM3554702","KPB25L","Mammary cancer, NOS","GSE124821"
"SRX5100618",0.0025648788,0.00050148552,0,0.0002847744,"no_treatment","day3","day3","Baseline","GSM3554703","KPB25L","Mammary cancer, NOS","GSE124821"
"SRX5100617",0.0027569934,0.0007122096,0,0.0003441998,"no_treatment","day3","day3","Baseline","GSM3554704","KPB25L","Mammary cancer, NOS","GSE124821"
"SRX5100591",0.0042755442,0.0006430698,0,0.0006525684,"no_treatment","day3","day3","Baseline","GSM3554705","KPB25L","Mammary cancer, NOS","GSE124821"
"SRX5100588",0.0025009326,0.0005549361,0,0.000297909,"antiPD1; antiCTLA4;","day3","day3","R","GSM3554706","KPB25L","Mammary cancer, NOS","GSE124821"
"SRX5100589",0.0059515362,0.0011347626,0.00017756544,0.0007348336,"antiPD1; antiCTLA4;","day3","day3","R","GSM3554707","KPB25L","Mammary cancer, NOS","GSE124821"
"SRX5100594",0.003723276,0.0008316744,0,0.0003249214,"antiPD1; antiCTLA4;","day3","day3","R","GSM3554708","KPB25L","Mammary cancer, NOS","GSE124821"
"SRX5100609",0.0049667706,0.002357922,0.00010039948,0.0007190352,"antiPD1; antiCTLA4;","day3","day3","R","GSM3554709","KPB25L","Mammary cancer, NOS","GSE124821"
"SRX5100595",0.0050113746,0.0018279384,0.00012669174,0.0008693806,"antiPD1; antiCTLA4;","day3","day3","R","GSM3554710","KPB25L","Mammary cancer, NOS","GSE124821"
"SRX5100592",0.00227838,0.00058271832,0,0.000267087,"no_treatment","end","end","Baseline","GSM3554711","KPB25L","Mammary cancer, NOS","GSE124821"
"SRX5100593",0.0022081854,0.00047444736,0,0.0002101968,"no_treatment","end","end","Baseline","GSM3554712","KPB25L","Mammary cancer, NOS","GSE124821"
"SRX5100586",0.0020625012,0.0006201132,0,0.000266645,"no_treatment","end","end","Baseline","GSM3554713","KPB25L","Mammary cancer, NOS","GSE124821"
"SRX5100587",0.0029429604,0.0006990366,0,0.0003629198,"no_treatment","end","end","Baseline","GSM3554714","KPB25L","Mammary cancer, NOS","GSE124821"
"SRX5100855",0.0033581142,0.000807975,0,0.0003995992,"antiPD1; antiCTLA4;","end","end","R","GSM3554715","KPB25L","Mammary cancer, NOS","GSE124821"
"SRX5100854",0.0015200538,0.00031236396,0,0.00017607912,"antiPD1; antiCTLA4;","end","end","R","GSM3554716","KPB25L","Mammary cancer, NOS","GSE124821"
"SRX5100853",0.0030162588,0.00076647,0,0.0003386614,"antiPD1; antiCTLA4;","end","end","R","GSM3554717","KPB25L","Mammary cancer, NOS","GSE124821"
"SRX5100631",0.0018223626,0.00041111682,0.00015909758,0.000244731,"no_treatment","Apobec_day3","day3",NA,"GSM3554718","KPB25L","Mammary cancer, NOS","GSE124821"
"SRX5100821",0.002756628,0.0007365792,3.278666e-05,0.0004463348,"no_treatment","Apobec_day3","day3",NA,"GSM3554719","KPB25L","Mammary cancer, NOS","GSE124821"
"SRX5100818",0.0031634244,0.00056599566,0.0006720236,0.0005852882,"no_treatment","Apobec_day3","day3",NA,"GSM3554720","KPB25L","Mammary cancer, NOS","GSE124821"
"SRX5100622",0.0039560454,0.000823635,3.181218e-05,0.0005484326,"no_treatment","Apobec_day3","day3",NA,"GSM3554721","KPB25L","Mammary cancer, NOS","GSE124821"
"SRX5100623",0.0015120894,0.00051586452,8.728094e-06,0.0002434584,"no_treatment","Apobec_day3","day3",NA,"GSM3554722","KPB25L","Mammary cancer, NOS","GSE124821"
"SRX5100863",0.0028508052,0.0006209784,1.9482734e-05,0.000438833,"no_treatment","UV_day3","day3","Baseline","GSM3554724","KPB25L","Mammary cancer, NOS","GSE124821"
"SRX5100861",0.0044231172,0.0008691174,0.0001650683,0.00054004,"no_treatment","UV_day3","day3","Baseline","GSM3554725","KPB25L","Mammary cancer, NOS","GSE124821"
"SRX5100822",0.0035853192,0.0011362956,0.0007057278,0.0005798418,"no_treatment","UV_day3","day3","Baseline","GSM3554726","KPB25L","Mammary cancer, NOS","GSE124821"
"SRX5100823",0.0029545044,0.000783234,2.024958e-05,0.0003110776,"antiPD1; antiCTLA4;","UV_day3","day3","R","GSM3554727","KPB25L","Mammary cancer, NOS","GSE124821"
"SRX5100820",0.0025715496,0.0006015462,0.000219904,0.0002836244,"no_treatment","UV_day3","day3","Baseline","GSM3554728","KPB25L","Mammary cancer, NOS","GSE124821"
"SRX5100777",0.0029513352,0.0011890542,4.486374e-05,0.0002813942,"antiPD1; antiCTLA4;","UV_end","end","R","GSM3554729","KPB25L","Mammary cancer, NOS","GSE124821"
"SRX5100776",0.0019032534,0.0006552114,0,0.000206632,"antiPD1; antiCTLA4;","UV_end","end","R","GSM3554730","KPB25L","Mammary cancer, NOS","GSE124821"
"SRX5100779",0.0020279964,0.0007486404,8.434116e-05,0.0003478588,"antiPD1; antiCTLA4;","UV_end","end","R","GSM3554731","KPB25L","Mammary cancer, NOS","GSE124821"
"SRX5100773",0.001867611,0.00047111676,2.063958e-05,0.00014823808,"antiPD1; antiCTLA4;","UV_end","end","R","GSM3554732","KPB25L","Mammary cancer, NOS","GSE124821"
"SRX5100709",0.0037409094,0.0009616254,0.0005450034,0.0007164052,"antiPD1; antiCTLA4;","UV_day7","day7","R","GSM3554733","KPB25L","Mammary cancer, NOS","GSE124821"
"SRX5100712",0,0.000456978,0.0008481252,0.0005781506,"antiPD1; antiCTLA4;","UV_day7","day7","R","GSM3554734","KPB25L","Mammary cancer, NOS","GSE124821"
"SRX5100711",0.0022124166,0.00051354888,0,0.000269193,"antiPD1; antiCTLA4;","UV_day3","day3","R","GSM3554735","KPB25L","Mammary cancer, NOS","GSE124821"
"SRX5100714",0.0030503694,0.0006799548,1.9906518e-05,0.0003770074,"antiPD1; antiCTLA4;","UV_day3","day3","R","GSM3554736","KPB25L","Mammary cancer, NOS","GSE124821"
"SRX5100713",0.003293007,0.0007082286,0,0.0004873732,"no_treatment","UV_day7","day7","Baseline","GSM3554737","KPB25L","Mammary cancer, NOS","GSE124821"
"SRX5100716",0.0030053406,0.00059674356,0.00017795396,0.0002651262,"no_treatment","UV_day7","day7","Baseline","GSM3554738","KPB25L","Mammary cancer, NOS","GSE124821"
"SRX5100715",0.00279591,0.0006447348,0.00016461588,0.0005770782,"antiPD1; antiCTLA4;","UV_day7","day7","R","GSM3554739","KPB25L","Mammary cancer, NOS","GSE124821"
"SRX5100708",0.004482186,0.001394697,0.0005333106,0.0008706402,"no_treatment","UV_day7","day7","Baseline","GSM3554740","KPB25L","Mammary cancer, NOS","GSE124821"
"SRX5100707",0.0037913844,0.0010366464,7.378146e-05,0.000702162,"no_treatment","UV_day7","day7","Baseline","GSM3554741","KPB25L","Mammary cancer, NOS","GSE124821"
"SRX5100619",0.00024616602,0.00057440382,0.002410388,0.0008075568,"antiPD1; antiCTLA4;","UV_day7","day7","R","GSM3554742","KPB25L","Mammary cancer, NOS","GSE124821"
"SRX5100620",0.0051339528,0.0018295374,0.000726587,0.0009367704,"antiPD1; antiCTLA4;","UV_day7","day7","R","GSM3554743","KPB25L","Mammary cancer, NOS","GSE124821"
"SRX5100621",0.0048424854,0.00057688332,0.00208491,0.000874022,"antiPD1; antiCTLA4;","UV_day7","day7","R","GSM3554744","KPB25L","Mammary cancer, NOS","GSE124821"
"SRX5100605",0.0023861838,0.00048438018,2.344634e-05,0.0002222348,"no_treatment","UV_end","end","Baseline","GSM3554745","KPB25L","Mammary cancer, NOS","GSE124821"
"SRX5100604",0.0042887622,0.001399056,0,0.0004458304,"no_treatment","UV_end","end","Baseline","GSM3554746","KPB25L","Mammary cancer, NOS","GSE124821"
"SRX5100766",0.0014485092,0.00037977348,3.117824e-05,0.00018638352,"no_treatment","UV_end","end","Baseline","GSM3554747","KPB25L","Mammary cancer, NOS","GSE124821"
"SRX5100767",0.003072243,0.0007802376,0,0.000333934,"no_treatment","UV_end","end","Baseline","GSM3554748","KPB25L","Mammary cancer, NOS","GSE124821"
"SRX5100590",0.0021178392,0.00038570862,0,0.00015343686,"no_treatment","UV_end","end","Baseline","GSM3554749","KPB25L","Mammary cancer, NOS","GSE124821"
"SRX5100608",0.0023763546,0.0002808342,1.5434048e-05,0.00014665432,"no_treatment","UV_end","end","Baseline","GSM3554750","KPB25L","Mammary cancer, NOS","GSE124821"
"SRX5100645",0,0.00030093744,2.531828e-05,2.867546e-05,"no_treatment","day3","day3",NA,"GSM3554785","p53-2153F","Mammary cancer, NOS","GSE124821"
"SRX5100721",0,0.0002087886,3.232138e-06,0.00010941998,"no_treatment","day3","day3",NA,"GSM3554786","p53-2153F","Mammary cancer, NOS","GSE124821"
"SRX5100644",0,0.00019347816,0,0.0001393932,"no_treatment","day3","day3",NA,"GSM3554787","p53-2153F","Mammary cancer, NOS","GSE124821"
"SRX5100757",0,0.00025048626,1.596379e-05,0.0002432966,"no_treatment","day3","day3",NA,"GSM3554788","p53-2153F","Mammary cancer, NOS","GSE124821"
"SRX5100774",0.00030476694,0.00034093296,0,0.0002255334,"no_treatment","end","end",NA,"GSM3554789","p53-2224","Mammary cancer, NOS","GSE124821"
"SRX5100674",0.00018480696,0.00052788534,0,0.0002950112,"no_treatment","end","end","Baseline","GSM3554790","p53-2225L","Mammary cancer, NOS","GSE124821"
"SRX5100756",0.00017936934,0.00026281608,0,0.0001697364,"no_treatment","day3","day3","Baseline","GSM3554791","p53-2225L","Mammary cancer, NOS","GSE124821"
"SRX5100607",0.00053868666,0.00029417448,0,0.00018004834,"no_treatment","day3","day3","Baseline","GSM3554792","p53-2225L","Mammary cancer, NOS","GSE124821"
"SRX5100606",0,0.0002708214,0,9.442894e-05,"no_treatment","day3","day3","Baseline","GSM3554793","p53-2225L","Mammary cancer, NOS","GSE124821"
"SRX5100650",0.00054142842,0.00036371022,0,0.0002111886,"no_treatment","day3","day3","Baseline","GSM3554794","p53-2225L","Mammary cancer, NOS","GSE124821"
"SRX5100701",0.0008067756,0.00034668576,0,0.0002341746,"no_treatment","day3","day3","Baseline","GSM3554795","p53-2225L","Mammary cancer, NOS","GSE124821"
"SRX5100782",0.0009429636,0.00047381784,0,0.0002119092,"no_treatment","day3","day3","Baseline","GSM3554796","p53-2225L","Mammary cancer, NOS","GSE124821"
"SRX5100781",0.0012098646,0.00046463238,0,0.0002442342,"no_treatment","day3","day3","Baseline","GSM3554797","p53-2225L","Mammary cancer, NOS","GSE124821"
"SRX5100728",0.0010031016,0.00041734806,0,0.0002296096,"no_treatment","day3","day3","Baseline","GSM3554798","p53-2225L","Mammary cancer, NOS","GSE124821"
"SRX5100700",0.0007131156,0.00032708376,0,0.00015826882,"antiPD1; antiCTLA4;","day3","day3","NR","GSM3554799","p53-2225L","Mammary cancer, NOS","GSE124821"
"SRX5100729",0.0007093716,0.00033428688,0,0.0002502674,"antiPD1; antiCTLA4;","day3","day3","NR","GSM3554800","p53-2225L","Mammary cancer, NOS","GSE124821"
"SRX5100730",0.0007721382,0.0004164888,0,0.000258141,"antiPD1; antiCTLA4;","day3","day3","NR","GSM3554801","p53-2225L","Mammary cancer, NOS","GSE124821"
"SRX5100731",0.0012594528,0.00050149512,0,0.000292998,"antiPD1; antiCTLA4;","day3","day3","NR","GSM3554802","p53-2225L","Mammary cancer, NOS","GSE124821"
"SRX5100732",0.001129536,0.00040216014,0,0.000274987,"antiPD1; antiCTLA4;","day3","day3","NR","GSM3554803","p53-2225L","Mammary cancer, NOS","GSE124821"
"SRX5100699",0.0009398022,0.00032093004,0,0.0002335428,"no_treatment","end","end","Baseline","GSM3554804","p53-2225L","Mammary cancer, NOS","GSE124821"
"SRX5100698",0.0006972876,0.00037527018,0,0.0002228244,"no_treatment","end","end","Baseline","GSM3554805","p53-2225L","Mammary cancer, NOS","GSE124821"
"SRX5100734",0.0006518076,0.00035415258,0,0.000211896,"no_treatment","end","end","Baseline","GSM3554806","p53-2225L","Mammary cancer, NOS","GSE124821"
"SRX5100694",0.001454568,0.00042390006,0,0.0002409262,"no_treatment","end","end","Baseline","GSM3554807","p53-2225L","Mammary cancer, NOS","GSE124821"
"SRX5100735",0.0007317582,0.00043120146,0,0.000233708,"no_treatment","end","end","Baseline","GSM3554808","p53-2225L","Mammary cancer, NOS","GSE124821"
"SRX5100736",0.001130577,0.00041304894,0,0.0002118128,"antiPD1; antiCTLA4;","end","end","NR","GSM3554809","p53-2225L","Mammary cancer, NOS","GSE124821"
"SRX5100737",0.000712059,0.0003508119,0,0.00019795526,"antiPD1; antiCTLA4;","end","end","NR","GSM3554810","p53-2225L","Mammary cancer, NOS","GSE124821"
"SRX5100702",0.0006827322,0.00034084806,0,0.00018862812,"antiPD1; antiCTLA4;","end","end","NR","GSM3554811","p53-2225L","Mammary cancer, NOS","GSE124821"
"SRX5100697",0.002282022,0.0013298094,0,0.0003969378,"no_treatment","end","end",NA,"GSM3554812","p53-2245","Mammary cancer, NOS","GSE124821"
"SRX5100696",0.000752073,0.00028188654,0,0.00011064924,"no_treatment","day3","day3","Baseline","GSM3554813","p53-2336R","Mammary cancer, NOS","GSE124821"
"SRX5100695",0.0009060522,0.00025241172,0,0.00010018238,"no_treatment","day3","day3","Baseline","GSM3554814","p53-2336R","Mammary cancer, NOS","GSE124821"
"SRX5100704",0.0010879446,0.00032780394,0,0.00013636724,"no_treatment","day3","day3","Baseline","GSM3554815","p53-2336R","Mammary cancer, NOS","GSE124821"
"SRX5100703",0.000991002,0.00033090924,0,0.00013698964,"antiPD1; antiCTLA4;","day3","day3","NR","GSM3554816","p53-2336R","Mammary cancer, NOS","GSE124821"
"SRX5100668",0.0013554036,0.00033134832,0,0.00014726384,"antiPD1; antiCTLA4;","day3","day3","NR","GSM3554817","p53-2336R","Mammary cancer, NOS","GSE124821"
"SRX5100669",0.000954576,0.00026168046,0,0.00010346784,"antiPD1; antiCTLA4;","day3","day3","NR","GSM3554818","p53-2336R","Mammary cancer, NOS","GSE124821"
"SRX5100666",0.0012777468,0.0004350954,3.390196e-05,0.0002413974,"antiPD1; antiCTLA4;","day3","day3","NR","GSM3554819","p53-2336R","Mammary cancer, NOS","GSE124821"
"SRX5100667",0.0007526238,0.0003002892,0,8.180846e-05,"antiPD1; antiCTLA4;","day3","day3","NR","GSM3554820","p53-2336R","Mammary cancer, NOS","GSE124821"
"SRX5100672",0.0018360264,0.00049392786,0,0.00018126126,"no_treatment","end","end","Baseline","GSM3554821","p53-2336R","Mammary cancer, NOS","GSE124821"
"SRX5100635",0.0019439364,0.00052672956,0,0.00014552784,"no_treatment","end","end","Baseline","GSM3554822","p53-2336R","Mammary cancer, NOS","GSE124821"
"SRX5100664",0.0008446206,0.00032265738,0,6.660248e-05,"no_treatment","end","end","Baseline","GSM3554823","p53-2336R","Mammary cancer, NOS","GSE124821"
"SRX5100662",0.0012106968,0.00056570586,0,0.00015737398,"no_treatment","end","end","Baseline","GSM3554824","p53-2336R","Mammary cancer, NOS","GSE124821"
"SRX5100637",0.001264152,0.00053900598,0,8.24885e-05,"no_treatment","end","end","Baseline","GSM3554825","p53-2336R","Mammary cancer, NOS","GSE124821"
"SRX5100634",0.000926877,0.00032028456,0,0.00012082946,"no_treatment","end","end","Baseline","GSM3554826","p53-2336R","Mammary cancer, NOS","GSE124821"
"SRX5100673",0.002814789,0.0007453716,0,0.000262479,"no_treatment","end","end","Baseline","GSM3554827","p53-2336R","Mammary cancer, NOS","GSE124821"
"SRX5100640",0.0013063002,0.0005990502,0,0.00018194958,"no_treatment","end","end","Baseline","GSM3554828","p53-2336R","Mammary cancer, NOS","GSE124821"
"SRX5100633",0.0009776556,0.00046859886,0,0.00018236126,"antiPD1; antiCTLA4;","end","end","NR","GSM3554829","p53-2336R","Mammary cancer, NOS","GSE124821"
"SRX5100670",0.00104322,0.00055021782,0,0.00011491462,"antiPD1; antiCTLA4;","end","end","NR","GSM3554830","p53-2336R","Mammary cancer, NOS","GSE124821"
"SRX5100671",0.0015037992,0.0005376492,0,0.00015339462,"antiPD1; antiCTLA4;","end","end","NR","GSM3554831","p53-2336R","Mammary cancer, NOS","GSE124821"
"SRX5100663",0.0015008628,0.00041505678,0,0.00014092316,"antiPD1; antiCTLA4;","end","end","NR","GSM3554832","p53-2336R","Mammary cancer, NOS","GSE124821"
"SRX5100636",0.001108371,0.00048665418,0,0.0002022562,"antiPD1; antiCTLA4;","end","end","NR","GSM3554833","p53-2336R","Mammary cancer, NOS","GSE124821"
"SRX5100639",0.0015155922,0.000669354,0,0.000282744,"no_treatment","end","end",NA,"GSM3554834","p53-9263-3","Mammary cancer, NOS","GSE124821"
"SRX5100719",0.001766568,0.00039655212,0,0.0001759236,"no_treatment","day3","day3",NA,"GSM3554835","p53-9263-3","Mammary cancer, NOS","GSE124821"
"SRX5100720",0.0022852902,0.00054608862,0,0.0002881916,"no_treatment","day3","day3",NA,"GSM3554836","p53-9263-3","Mammary cancer, NOS","GSE124821"
"SRX5100717",0.0009116088,0.00039816666,0,0.00012638664,"no_treatment","day3","day3",NA,"GSM3554837","p53-9263-3","Mammary cancer, NOS","GSE124821"
"SRX5100718",0.0018870258,0.00044056266,0,0.00019155978,"no_treatment","day3","day3",NA,"GSM3554838","p53-9263-3","Mammary cancer, NOS","GSE124821"
"SRX5100677",0.0018746934,0.0008457492,0,0.0004361848,"no_treatment","end","end",NA,"GSM3554839","p53-T1","Mammary cancer, NOS","GSE124821"
"SRX5100705",0.0050840808,0.0022478334,8.056842e-05,0.0006038976,"no_treatment","end","end",NA,"GSM3554840","p53-T12","Mammary cancer, NOS","GSE124821"
"SRX5100649",0.0018988236,0.00031742178,0,0.0003375706,"no_treatment","end","end",NA,"GSM3554841","p53-T2","Mammary cancer, NOS","GSE124821"
"SRX5100856",0.00044896782,0.00026009346,0,0.000264664,"no_treatment","end","end",NA,"GSM3554842","p53-T6","Mammary cancer, NOS","GSE124821"
"SRX5100733",0.0007424238,0.00032947194,1.2686564e-07,0.00016136466,"no_treatment","end","end",NA,"GSM3554843","p53-T7","Mammary cancer, NOS","GSE124821"
"SRX5100724",0.0014798766,0.0008097342,5.385956e-05,0.0003608006,"antiPD1; antiCTLA4;","Apobec_end","end","R","GSM3554847","T11","Mammary cancer, NOS","GSE124821"
"SRX5100723",0.0031490328,0.0014882904,0,0.0004615394,"no_treatment","UV_end","end","Baseline","GSM3554848","T11","Mammary cancer, NOS","GSE124821"
"SRX5100722",0.0033209712,0.0012124914,0.00011109058,0.00048488,"no_treatment","Apobec_day3","day3","Baseline","GSM3554849","T11","Mammary cancer, NOS","GSE124821"
"SRX5100642",0.0021267648,0.0010795356,7.36522e-05,0.0003755254,"antiPD1; antiCTLA4;","Apobec_end","end","R","GSM3554850","T11","Mammary cancer, NOS","GSE124821"
"SRX5100641",0.0028198794,0.0012310134,0.0003453532,0.0004258506,"no_treatment","UV_end","end","Baseline","GSM3554851","T11","Mammary cancer, NOS","GSE124821"
"SRX5100638",0.0054328692,0.0017605584,5.089042e-05,0.000529629,"antiPD1; antiCTLA4;","Apobec_day3","day3","R","GSM3554852","T11","Mammary cancer, NOS","GSE124821"
"SRX5100632",0.00712011,0.002415066,0.00019217666,0.0005784088,"antiPD1; antiCTLA4;","Apobec_day3","day3","R","GSM3554853","T11","Mammary cancer, NOS","GSE124821"
"SRX5100675",0.0050256258,0.0015913062,4.349316e-05,0.0004762342,"antiPD1; antiCTLA4;","Apobec_day3","day3","R","GSM3554854","T11","Mammary cancer, NOS","GSE124821"
"SRX5100860",0.0031908216,0.0011889852,5.329164e-05,0.0004939734,"no_treatment","Apobec_day3","day3","Baseline","GSM3554855","T11","Mammary cancer, NOS","GSE124821"
"SRX5100859",0.0019258032,0.0008456694,2.35763e-05,0.0003239946,"antiPD1; antiCTLA4;","Apobec_end","end","R","GSM3554856","T11","Mammary cancer, NOS","GSE124821"
"SRX5100858",0.0027990168,0.0014099154,0,0.0005212308,"no_treatment","UV_end","end","Baseline","GSM3554857","T11","Mammary cancer, NOS","GSE124821"
"SRX5100857",0.0042198696,0.00138237,4.036378e-05,0.0004307396,"antiPD1; antiCTLA4;","Apobec_day3","day3","R","GSM3554858","T11","Mammary cancer, NOS","GSE124821"
"SRX5100864",0.004331829,0.0013973934,0.0005156446,0.000583812,"no_treatment","Apobec_day3","day3","Baseline","GSM3554859","T11","Mammary cancer, NOS","GSE124821"
"SRX5100862",0.0025394886,0.0009702588,0.0003130756,0.0004547158,"no_treatment","Apobec_day3","day3","Baseline","GSM3554860","T11","Mammary cancer, NOS","GSE124821"
"SRX5100867",0.0018307998,0.0008953524,1.7730548e-06,0.000430252,"antiPD1; antiCTLA4;","Apobec_end","end","R","GSM3554861","T11","Mammary cancer, NOS","GSE124821"
"SRX5100866",0.0025536846,0.0013179912,0,0.0004079552,"no_treatment","UV_end","end","Baseline","GSM3554862","T11","Mammary cancer, NOS","GSE124821"
"SRX5100816",0.0020357004,0.0009948582,0,0.0003773776,"no_treatment","Apobec_end","end","Baseline","GSM3554863","T11","Mammary cancer, NOS","GSE124821"
"SRX5100817",0.0021124518,0.0009744918,2.77407e-05,0.0003476384,"no_treatment","Apobec_end","end","Baseline","GSM3554864","T11","Mammary cancer, NOS","GSE124821"
"SRX5100824",0.0019188072,0.000850095,9.183494e-06,0.000310118,"no_treatment","Apobec_end","end","Baseline","GSM3554865","T11","Mammary cancer, NOS","GSE124821"
"SRX5100825",0.002011377,0.000905019,0,0.000319176,"no_treatment","Apobec_end","end","Baseline","GSM3554866","T11","Mammary cancer, NOS","GSE124821"
"SRX5100790",0.003832701,0.0016066752,0.0005776184,0.0005080776,"antiPD1; antiCTLA4;","UV_day7","day7","R","GSM3554883","T11","Mammary cancer, NOS","GSE124821"
"SRX5100789",0.0059149656,0.001772211,0.000767779,0.0005653966,"antiPD1; antiCTLA4;","UV_day7","day7","R","GSM3554884","T11","Mammary cancer, NOS","GSE124821"
"SRX5100788",0.0028000908,0.0014333088,0.000426594,0.0003993662,"antiPD1; antiCTLA4;","UV_day7","day7","R","GSM3554885","T11","Mammary cancer, NOS","GSE124821"
"SRX5100787",0.0050314608,0.0015426648,0.0006714424,0.0005569002,"antiPD1; antiCTLA4;","UV_day7","day7","R","GSM3554886","T11","Mammary cancer, NOS","GSE124821"
"SRX5100794",0.0028929372,0.0012975012,6.417034e-05,0.0003792856,"no_treatment","UV_day7","day7","Baseline","GSM3554887","T11","Mammary cancer, NOS","GSE124821"
"SRX5100793",0.0033457344,0.0014224296,0,0.0005058482,"no_treatment","UV_day7","day7","Baseline","GSM3554888","T11","Mammary cancer, NOS","GSE124821"
"SRX5100688",0.0031333362,0.0015112878,0,0.0004708926,"no_treatment","UV_day7","day7","Baseline","GSM3554889","T11","Mammary cancer, NOS","GSE124821"
"SRX5100681",0.0028270908,0.0014391738,9.392614e-06,0.000616126,"antiPD1; antiCTLA4;","UV_end","end","R","GSM3554890","T11","Mammary cancer, NOS","GSE124821"
"SRX5100710",0.0030001548,0.0013947072,0,0.0004653536,"no_treatment","UV_day7","day7","Baseline","GSM3554891","T11","Mammary cancer, NOS","GSE124821"
"SRX5100624",0.0035638002,0.0015342678,0,0.000486253,"antiPD1; antiCTLA4;","day7","day7","NR","GSM3554892","T11","Mammary cancer, NOS","GSE124821"
"SRX5100625",0.0025436718,0.0011372934,0,0.0003816588,"antiPD1; antiCTLA4;","day7","day7","NR","GSM3554893","T11","Mammary cancer, NOS","GSE124821"
"SRX5100626",0.0031670382,0.001506186,0,0.0005348154,"antiPD1; antiCTLA4;","day7","day7","NR","GSM3554894","T11","Mammary cancer, NOS","GSE124821"
"SRX5100627",0.0035566464,0.0015145758,0,0.000545733,"antiPD1; antiCTLA4;","day7","day7","NR","GSM3554895","T11","Mammary cancer, NOS","GSE124821"
"SRX5100628",0.003199338,0.0013633902,0,0.0005253568,"no_treatment","day7","day7","Baseline","GSM3554896","T11","Mammary cancer, NOS","GSE124821"
"SRX5100660",0.0031540218,0.0014421396,0,0.0004932554,"no_treatment","day7","day7","Baseline","GSM3554897","T11","Mammary cancer, NOS","GSE124821"
"SRX5100659",0.0032424006,0.0014498112,0,0.0005277364,"no_treatment","day7","day7","Baseline","GSM3554898","T11","Mammary cancer, NOS","GSE124821"
"SRX5100658",0.0029806854,0.0013786932,0,0.0004289056,"no_treatment","day7","day7","Baseline","GSM3554899","T11","Mammary cancer, NOS","GSE124821"
"SRX5100657",0.0037598016,0.0021141678,0.0008223552,0.0006177436,"antiPD1; antiCTLA4;","Apobec_day7","day7","R","GSM3554900","T11","Mammary cancer, NOS","GSE124821"
"SRX5100656",0.0045750024,0.001216539,0.0016167826,0.0005689636,"antiPD1; antiCTLA4;","Apobec_day7","day7","R","GSM3554901","T11","Mammary cancer, NOS","GSE124821"
"SRX5100655",0.0021530946,0.00076755,0.00015280282,0.0002617418,"no_treatment","Apobec_day7","day7","Baseline","GSM3554902","T11","Mammary cancer, NOS","GSE124821"
"SRX5100654",0.0054601704,0.002036439,0.0006688686,0.0011280428,"antiPD1; antiCTLA4;","Apobec_day7","day7","R","GSM3554903","T11","Mammary cancer, NOS","GSE124821"
"SRX5100653",0.0021348846,0.0007599726,5.078994e-05,0.00028456,"no_treatment","Apobec_day7","day7","Baseline","GSM3554904","T11","Mammary cancer, NOS","GSE124821"
"SRX5100652",0.0018239298,0.0007432368,0.00010417714,0.0002620388,"no_treatment","Apobec_day7","day7","Baseline","GSM3554905","T11","Mammary cancer, NOS","GSE124821"
"SRX5100651",0.0059098002,0.0018844422,0.000832317,0.0005316004,"antiPD1; antiCTLA4;","Apobec_day7","day7","R","GSM3554906","T11","Mammary cancer, NOS","GSE124821"
"SRX5100848",0.0025400628,0.0008041674,5.720588e-05,0.0003064858,"no_treatment","Apobec_day7","day7","Baseline","GSM3554907","T11","Mammary cancer, NOS","GSE124821"
"SRX5100849",0.0019382706,0.0009847398,0,0.0003237688,"antiPD1; antiCTLA4;","end","end","NR","GSM3554908","T11","Mammary cancer, NOS","GSE124821"
"SRX5100846",0.0033792282,0.001495812,4.268988e-05,0.0005070408,"antiPD1; antiCTLA4;","end","end","NR","GSM3554909","T11","Mammary cancer, NOS","GSE124821"
"SRX5100847",0.0025263774,0.0011641188,3.282092e-05,0.000388368,"antiPD1; antiCTLA4;","end","end","NR","GSM3554910","T11","Mammary cancer, NOS","GSE124821"
"SRX5100844",0.0029854584,0.0013467096,0,0.0005352422,"no_treatment","UV_day3","day3","Baseline","GSM3554911","T11","Mammary cancer, NOS","GSE124821"
"SRX5100845",0.0029796816,0.0012856572,0,0.0004527178,"no_treatment","UV_day3","day3","Baseline","GSM3554912","T11","Mammary cancer, NOS","GSE124821"
"SRX5100842",0.0030162402,0.0012683244,0,0.0005208736,"no_treatment","UV_day3","day3","Baseline","GSM3554913","T11","Mammary cancer, NOS","GSE124821"
"SRX5100843",0.0030474732,0.001380522,0,0.0004160866,"no_treatment","UV_day3","day3","Baseline","GSM3554914","T11","Mammary cancer, NOS","GSE124821"
"SRX5100850",0.0015309258,0.0007714074,5.55885e-05,0.00019993746,"antiPD1; antiCTLA4;","UV_day3","day3","R","GSM3554915","T11","Mammary cancer, NOS","GSE124821"
"SRX5100851",0.0032122638,0.0012955584,0,0.0005430208,"antiPD1; antiCTLA4;","UV_day3","day3","R","GSM3554916","T11","Mammary cancer, NOS","GSE124821"
"SRX5100601",0.0027660072,0.0011352402,0.00013704004,0.0003442472,"antiPD1; antiCTLA4;","UV_day3","day3","R","GSM3554917","T11","Mammary cancer, NOS","GSE124821"
"SRX5100600",0.0029999328,0.0012144678,4.529314e-05,0.000552258,"antiPD1; antiCTLA4;","UV_end","end","R","GSM3554918","T11","Mammary cancer, NOS","GSE124821"
"SRX5100603",0.0036522942,0.0015832164,9.24242e-05,0.0006054938,"antiPD1; antiCTLA4;","UV_end","end","R","GSM3554919","T11","Mammary cancer, NOS","GSE124821"
"SRX5100602",0.0033371706,0.0015126558,0,0.0004322188,"antiPD1; antiCTLA4;","UV_end","end","R","GSM3554920","T11","Mammary cancer, NOS","GSE124821"
"SRX5100768",0.0027182574,0.0011985,0,0.000401243,"no_treatment","end","end","Baseline","GSM3554921","T11","Mammary cancer, NOS","GSE124821"
"SRX5100769",0.0027417222,0.001221894,0,0.0004079096,"no_treatment","end","end","Baseline","GSM3554922","T11","Mammary cancer, NOS","GSE124821"
"SRX5100762",0.0026296956,0.00114987,0,0.000383359,"no_treatment","end","end","Baseline","GSM3554923","T11","Mammary cancer, NOS","GSE124821"
"SRX5100763",0.0032663148,0.0014302128,0,0.0005171634,"no_treatment","day3","day3","Baseline","GSM3554924","T11","Mammary cancer, NOS","GSE124821"
"SRX5100764",0.002735892,0.001200714,0,0.0004051178,"no_treatment","day3","day3","Baseline","GSM3554925","T11","Mammary cancer, NOS","GSE124821"
"SRX5100765",0.0028008834,0.0013482552,0,0.0004950832,"no_treatment","day3","day3","Baseline","GSM3554926","T11","Mammary cancer, NOS","GSE124821"
"SRX5100758",0.0027452058,0.0013435998,0,0.0004938924,"no_treatment","day3","day3","Baseline","GSM3554927","T11","Mammary cancer, NOS","GSE124821"
"SRX5100759",0.0032560866,0.0013324182,2.431386e-05,0.0005915904,"antiPD1; antiCTLA4;","day3","day3","NR","GSM3554928","T11","Mammary cancer, NOS","GSE124821"
"SRX5100810",0.0026870568,0.0011101152,0,0.000425852,"antiPD1; antiCTLA4;","day3","day3","NR","GSM3554929","T11","Mammary cancer, NOS","GSE124821"
"SRX5100809",0.0042670122,0.001543692,7.099598e-05,0.0005132436,"antiPD1; antiCTLA4;","day3","day3","NR","GSM3554930","T11","Mammary cancer, NOS","GSE124821"
"SRX5100808",0.0020835138,0.000977199,0,0.0004099942,"antiPD1; antiCTLA4;","day3","day3","NR","GSM3554931","T11","Mammary cancer, NOS","GSE124821"
"SRX5100807",0.003207612,0.0012687294,0,0.0004420012,"antiPD1; antiCTLA4;","end","end","NR","GSM3554932","T11","Mammary cancer, NOS","GSE124821"
"SRX5100814",0.0027447528,0.0011237598,0,0.0004635536,"antiPD1; antiCTLA4;","end","end","NR","GSM3554933","T11","Mammary cancer, NOS","GSE124821"
"SRX5100813",0.0021778716,0.000910281,0,0.000338682,"no_treatment","end","end","Baseline","GSM3554934","T11","Mammary cancer, NOS","GSE124821"
"SRX5100812",0.0029556798,0.0013101198,4.069564e-05,0.0005049472,"no_treatment","end","end","Baseline","GSM3554935","T11","Mammary cancer, NOS","GSE124821"
"SRX5100684",0.0021778626,0.000957261,2.142046e-05,0.0004180588,"antiPD1; antiCTLA4;","UV_end","end","R","GSM3554936","T11","Mammary cancer, NOS","GSE124821"
"SRX5768452",0.0008436738,0.0003423573,0.0005922238,0.000592385,"antiCTLA4; old;","old",NA,"NR","GSM3739244","4T1","Mammary carcinoma","GSE130472"
"SRX5768453",0.001620798,0.00056488332,9.541792e-05,0.0003515036,"antiCTLA4; old;","old",NA,"NR","GSM3739245","4T1","Mammary carcinoma","GSE130472"
"SRX5768454",0.0019051374,0.0006616596,0.0003571214,0.000575283,"antiCTLA4; old;","old",NA,"NR","GSM3739246","4T1","Mammary carcinoma","GSE130472"
"SRX5768455",0.0016624926,0.000729798,0.00017981738,0.0003964374,"antiCTLA4; old;","old",NA,"NR","GSM3739247","4T1","Mammary carcinoma","GSE130472"
"SRX5768456",0.0014948346,0.0006228456,0.0003999996,0.0004657652,"antiCTLA4; old;","old",NA,"NR","GSM3739248","4T1","Mammary carcinoma","GSE130472"
"SRX5768457",0.0015891768,0.00051018498,0.0012158474,0.0005713196,"antiCTLA4; old;","old",NA,"NR","GSM3739249","4T1","Mammary carcinoma","GSE130472"
"SRX5768458",0.0013946976,0.0006484284,0.0004395848,0.000566769,"antiCTLA4; old;","old",NA,"NR","GSM3739250","4T1","Mammary carcinoma","GSE130472"
"SRX5768459",0.0015714996,0.0005223936,0.000469569,0.0006638026,"antiCTLA4; old;","old",NA,"NR","GSM3739251","4T1","Mammary carcinoma","GSE130472"
"SRX5768460",0.0012935808,0.00059393718,0.00016697444,0.0003899396,"isotype; old;","old",NA,"Baseline","GSM3739252","4T1","Mammary carcinoma","GSE130472"
"SRX5768461",0.0012317796,0.00048311784,1.1361696e-05,0.0002028904,"isotype; old;","old",NA,"Baseline","GSM3739253","4T1","Mammary carcinoma","GSE130472"
"SRX5768462",0.0013014834,0.000771483,0.0002578552,0.00016780626,"isotype; old;","old",NA,"Baseline","GSM3739254","4T1","Mammary carcinoma","GSE130472"
"SRX5768463",0.0027679572,0.0006654012,0.0010946226,0.0006069712,"isotype; old;","old",NA,"Baseline","GSM3739255","4T1","Mammary carcinoma","GSE130472"
"SRX5768464",0.0010294128,0.00056840376,0.00014400514,0.0003277602,"isotype; old;","old",NA,"Baseline","GSM3739256","4T1","Mammary carcinoma","GSE130472"
"SRX5768465",0.0015066138,0.0006763452,0.000383611,0.0002725126,"isotype; old;","old",NA,"Baseline","GSM3739257","4T1","Mammary carcinoma","GSE130472"
"SRX5768466",0.0019581282,0.00056331864,0.000541531,0.000416603,"isotype; old;","old",NA,"Baseline","GSM3739258","4T1","Mammary carcinoma","GSE130472"
"SRX5768467",0.0010903872,0.0006491778,0.0006844418,0.0003175272,"antiPDL1; old;","old",NA,"NR","GSM3739259","4T1","Mammary carcinoma","GSE130472"
"SRX5768468",0.001413363,0.0006984744,6.923598e-05,0.0003993882,"antiPDL1; old;","old",NA,"NR","GSM3739260","4T1","Mammary carcinoma","GSE130472"
"SRX5768469",0.002428104,0.00059701032,0.00015130078,0.000299508,"antiPDL1; old;","old",NA,"NR","GSM3739261","4T1","Mammary carcinoma","GSE130472"
"SRX5768470",0.000830442,0.0006367452,5.337946e-05,0.0003288314,"antiPDL1; old;","old",NA,"NR","GSM3739262","4T1","Mammary carcinoma","GSE130472"
"SRX5768471",0.001797849,0.0007543908,0.0002012508,0.0004209894,"antiPDL1; old;","old",NA,"NR","GSM3739263","4T1","Mammary carcinoma","GSE130472"
"SRX5768472",0.0013633806,0.00063456,0.0004050392,0.0004070754,"antiPDL1; old;","old",NA,"NR","GSM3739264","4T1","Mammary carcinoma","GSE130472"
"SRX5768473",0.0015751608,0.00057544212,0.0014763436,0.0005343448,"antiPDL1; old;","old",NA,"NR","GSM3739265","4T1","Mammary carcinoma","GSE130472"
"SRX5768474",0.00224172,0.00048686688,0.0017539854,0.0005299904,"antiPDL1; old;","old",NA,"NR","GSM3739266","4T1","Mammary carcinoma","GSE130472"
"SRX5768475",0.0018698838,0.000805659,0.00016542288,0.000388167,"antiCTLA4; young;","young",NA,"R","GSM3739267","4T1","Mammary carcinoma","GSE130472"
"SRX5768476",0.0018932724,0.0007980372,0.000363299,0.000486206,"antiCTLA4; young;","young",NA,"R","GSM3739268","4T1","Mammary carcinoma","GSE130472"
"SRX5768477",0.0014921604,0.000958881,0.0004309476,0.0006011788,"antiCTLA4; young;","young",NA,"R","GSM3739269","4T1","Mammary carcinoma","GSE130472"
"SRX5768478",0.002463054,0.0014153046,0.0004651128,0.0007117948,"antiCTLA4; young;","young",NA,"R","GSM3739270","4T1","Mammary carcinoma","GSE130472"
"SRX5768479",0.001221516,0.0006535626,0.0003493018,0.000421934,"antiCTLA4; young;","young",NA,"R","GSM3739271","4T1","Mammary carcinoma","GSE130472"
"SRX5768480",0.0021211278,0.0012803814,0.000837104,0.0005759738,"antiCTLA4; young;","young",NA,"R","GSM3739272","4T1","Mammary carcinoma","GSE130472"
"SRX5768481",0.0030256836,0.00019010568,0.003254814,0.0012456452,"antiCTLA4; young;","young",NA,"R","GSM3739273","4T1","Mammary carcinoma","GSE130472"
"SRX5768482",0.0020027466,0.0011025258,0.0017398504,0.0006141788,"antiCTLA4; young;","young",NA,"R","GSM3739274","4T1","Mammary carcinoma","GSE130472"
"SRX5768483",0.0019828386,0.0008680326,0.0012538156,0.0007628932,"antiCTLA4; young;","young",NA,"R","GSM3739275","4T1","Mammary carcinoma","GSE130472"
"SRX5768484",0.0019094322,0.0012068964,0.0014007456,0.000608739,"antiCTLA4; young;","young",NA,"R","GSM3739276","4T1","Mammary carcinoma","GSE130472"
"SRX5768485",0.0024014592,0.0010922832,0.0011900006,0.0010347294,"antiCTLA4; young;","young",NA,"R","GSM3739277","4T1","Mammary carcinoma","GSE130472"
"SRX5768486",0.002572809,0.0011859858,0.0010270608,0.0009233434,"antiCTLA4; young;","young",NA,"R","GSM3739278","4T1","Mammary carcinoma","GSE130472"
"SRX5768487",0.001754958,0.000777894,0.00014793026,0.0002775184,"isotype; young;","young",NA,"Baseline","GSM3739279","4T1","Mammary carcinoma","GSE130472"
"SRX5768488",0.001674501,0.0006387186,0.0010249488,0.0004342972,"isotype; young;","young",NA,"Baseline","GSM3739280","4T1","Mammary carcinoma","GSE130472"
"SRX5768489",0.0012933948,0.000603633,0.0007780718,0.0004960478,"isotype; young;","young",NA,"Baseline","GSM3739281","4T1","Mammary carcinoma","GSE130472"
"SRX5768490",0.0006917694,0.0006102042,0.00014112178,0.000397256,"isotype; young;","young",NA,"Baseline","GSM3739282","4T1","Mammary carcinoma","GSE130472"
"SRX5768491",0.0014475144,0.0007725816,0.0002529064,0.0003948158,"isotype; young;","young",NA,"Baseline","GSM3739283","4T1","Mammary carcinoma","GSE130472"
"SRX5768492",0.0013095276,0.0007677858,0.00013436476,0.0001957213,"isotype; young;","young",NA,"Baseline","GSM3739284","4T1","Mammary carcinoma","GSE130472"
"SRX5768493",0.00041860596,0.0006283722,0.0002271456,0.0004406478,"isotype; young;","young",NA,"Baseline","GSM3739285","4T1","Mammary carcinoma","GSE130472"
"SRX5768494",0.0014897718,0.00053822622,0.000834117,0.000598351,"antiPDL1; young;","young",NA,"R","GSM3739286","4T1","Mammary carcinoma","GSE130472"
"SRX5768495",0.0011427762,0.0006091062,0.00018016442,0.00035985,"antiPDL1; young;","young",NA,"R","GSM3739287","4T1","Mammary carcinoma","GSE130472"
"SRX5768496",0.0017700036,0.0005086086,0.0014697806,0.0004911034,"antiPDL1; young;","young",NA,"R","GSM3739288","4T1","Mammary carcinoma","GSE130472"
"SRX5768497",0.0009147252,0.0007685802,0.0002644868,0.0006250082,"antiPDL1; young;","young",NA,"R","GSM3739289","4T1","Mammary carcinoma","GSE130472"
"SRX5768498",0.0009721812,0.0007950006,0.0002925326,0.0005699986,"antiPDL1; young;","young",NA,"R","GSM3739290","4T1","Mammary carcinoma","GSE130472"
"SRX5768499",0.0013109688,0.00059856504,0.00013947026,0.000421405,"antiPDL1; young;","young",NA,"R","GSM3739291","4T1","Mammary carcinoma","GSE130472"
"SRX5768500",0.0002966358,0.0006408408,0.000237556,0.0004264258,"antiPDL1; young;","young",NA,"R","GSM3739292","4T1","Mammary carcinoma","GSE130472"
"SRX5768501",0.0009374448,0.0006020886,0.000255987,0.0003551476,"antiPDL1; young;","young",NA,"R","GSM3739293","4T1","Mammary carcinoma","GSE130472"
"SRX5768502",0.0015280566,0.0007645464,0.0002119234,0.00044305,"antiPDL1; young;","young",NA,"R","GSM3739294","4T1","Mammary carcinoma","GSE130472"
"SRX5768503",0.0019266624,0.000979128,0.0002532616,0.000494765,"antiPDL1; young;","young",NA,"R","GSM3739295","4T1","Mammary carcinoma","GSE130472"
"SRX5807102",0,0.0023236722,0.0004162856,0.002502278,"no_treatment",NA,NA,NA,"GSM3755948","Mvt1","Mammary carcinoma","GSE130900"
"SRX5807103",0,0.0023713914,0.0004440478,0.002348692,"no_treatment",NA,NA,NA,"GSM3755949","Mvt1","Mammary carcinoma","GSE130900"
"SRX5807104",0,0.002238441,0.0005195682,0.002986594,"no_treatment",NA,NA,NA,"GSM3755950","Mvt1","Mammary carcinoma","GSE130900"
"SRX5807105",0,0.0019954326,0.0004595072,0.002211098,"no_treatment",NA,NA,NA,"GSM3755951","Mvt1","Mammary carcinoma","GSE130900"
"SRX5807106",0,0.002364558,0.0006007598,0.002749182,"no_treatment","Rnaseh2c_knockdown",NA,NA,"GSM3755952","Mvt1","Mammary carcinoma","GSE130900"
"SRX5807107",0.00010387224,0.0021541464,0.0004212384,0.002014388,"no_treatment","Rnaseh2c_knockdown",NA,NA,"GSM3755953","Mvt1","Mammary carcinoma","GSE130900"
"SRX5807108",0,0.001990551,0.000516875,0.002043466,"no_treatment","Rnaseh2c_knockdown",NA,NA,"GSM3755954","Mvt1","Mammary carcinoma","GSE130900"
"SRX5807109",0,0.0018679422,0.0004919672,0.00209358,"no_treatment","Rnaseh2c_knockdown",NA,NA,"GSM3755955","Mvt1","Mammary carcinoma","GSE130900"
"SRX5807116",0.0035309112,0.0007813446,1.2900478e-05,0.0004063018,"no_treatment",NA,NA,NA,"GSM3755963","Mvt1","Mammary carcinoma","GSE130900"
"SRX5807117",0.0024497628,0.0006780372,6.354936e-05,0.0001868198,"no_treatment",NA,NA,NA,"GSM3755966","Mvt1","Mammary carcinoma","GSE130900"
"SRX5807118",0.003035181,0.0007935342,0.00014208478,0.000358541,"no_treatment",NA,NA,NA,"GSM3755968","Mvt1","Mammary carcinoma","GSE130900"
"SRX5807119",0.0034752504,0.0009197826,0.000220684,0.000707058,"no_treatment","Rnaseh2c_knockdown",NA,NA,"GSM3755971","Mvt1","Mammary carcinoma","GSE130900"
"SRX5807120",0.0035305926,0.0009088248,0.0003860242,0.0005204406,"no_treatment","Rnaseh2c_knockdown",NA,NA,"GSM3755973","Mvt1","Mammary carcinoma","GSE130900"
"SRX5807121",0.0037419798,0.0009741612,0.0004789724,0.0005266478,"no_treatment","Rnaseh2c_knockdown",NA,NA,"GSM3755975","Mvt1","Mammary carcinoma","GSE130900"
"SRX6095883",0.00119365122,0.000907939374,0.000231838846,0.000226803002,"vehicle",NA,NA,"Baseline","GSM3898688","4T1","Mammary carcinoma","GSE132529"
"SRX6095884",0.001102269342,0.000754204368,0.000103748244,0.00022788147,"vehicle",NA,NA,"Baseline","GSM3898689","4T1","Mammary carcinoma","GSE132529"
"SRX6095885",0.002870535666,0.001618287468,0.00020320566,0.000368549528,"vehicle",NA,NA,"Baseline","GSM3898690","4T1","Mammary carcinoma","GSE132529"
"SRX6095886",0.00182851257,0.000980362728,0.000219179092,0.000260730242,"antiPD1",NA,NA,"NR","GSM3898691","4T1","Mammary carcinoma","GSE132529"
"SRX6095887",0.002224034664,0.001119243858,0.000257914536,0.000304431338,"antiPD1",NA,NA,"NR","GSM3898692","4T1","Mammary carcinoma","GSE132529"
"SRX6095888",0.001423247856,0.000859021746,0.000190361244,0.000248486774,"antiPD1",NA,NA,"NR","GSM3898693","4T1","Mammary carcinoma","GSE132529"
"SRX6884966",0.0030390606,0.0009041034,0.00097724,0.0003148476,"no_treatment","Brca2_KO",NA,"Baseline","GSM4088892","4T1","Mammary carcinoma","GSE137818"
"SRX6884967",0.0020959686,0.0007440552,0.0009519668,0.0002351018,"no_treatment","Brca2_KO",NA,"Baseline","GSM4088893","4T1","Mammary carcinoma","GSE137818"
"SRX6884968",0.0022308966,0.0007040274,0.0005729212,0.000247094,"no_treatment","Brca2_KO",NA,"Baseline","GSM4088894","4T1","Mammary carcinoma","GSE137818"
"SRX6884969",0.002003454,0.0007808178,0.0004008588,0.0002915072,"no_treatment","Brca2_KO",NA,"Baseline","GSM4088895","4T1","Mammary carcinoma","GSE137818"
"SRX6884970",0.001660458,0.000764904,0.0009181578,0.0002783078,"no_treatment","Brca2_KO",NA,"Baseline","GSM4088896","4T1","Mammary carcinoma","GSE137818"
"SRX6884971",0.0006180258,0.0006702816,0.000208405,0.0002538566,"no_treatment","Brca1_KO",NA,"Baseline","GSM4088897","4T1","Mammary carcinoma","GSE137818"
"SRX6884972",0.0007104678,0.00054244878,1.3623268e-05,0.0003343814,"no_treatment","Brca1_KO",NA,"Baseline","GSM4088898","4T1","Mammary carcinoma","GSE137818"
"SRX6884973",0.0013390986,0.0008247204,3.117156e-05,0.000358183,"no_treatment","Brca1_KO",NA,"Baseline","GSM4088899","4T1","Mammary carcinoma","GSE137818"
"SRX6884974",0.0007425264,0.0006070356,0,0.0003529946,"no_treatment","Brca1_KO",NA,"Baseline","GSM4088900","4T1","Mammary carcinoma","GSE137818"
"SRX6884975",0.0006696378,0.0005605896,8.221948e-05,0.0003209416,"no_treatment","Brca1_KO",NA,"Baseline","GSM4088901","4T1","Mammary carcinoma","GSE137818"
"SRX6884976",0.0022301142,0.0008852472,0.0004275666,0.000435461,"no_treatment",NA,NA,NA,"GSM4088902","4T1","Mammary carcinoma","GSE137818"
"SRX6884977",0.0015911304,0.0006988668,0.0002097324,0.0004183824,"no_treatment",NA,NA,NA,"GSM4088903","4T1","Mammary carcinoma","GSE137818"
"SRX6884978",0.0020619954,0.000833883,9.748994e-05,0.000434163,"no_treatment",NA,NA,NA,"GSM4088904","4T1","Mammary carcinoma","GSE137818"
"SRX6884979",0.001727994,0.0009335754,6.889638e-05,0.0005494582,"no_treatment",NA,NA,NA,"GSM4088905","4T1","Mammary carcinoma","GSE137818"
"SRX6884980",0.0013108566,0.0008029296,5.649458e-05,0.0004695122,"no_treatment",NA,NA,NA,"GSM4088906","4T1","Mammary carcinoma","GSE137818"
"SRX6884998",0.0016309314,0.0006591702,0.0010410694,0.0003475548,"antiPD1","Brca2_KO",NA,"R","GSM4088916","4T1","Mammary carcinoma","GSE137818"
"SRX6884999",0.0019461282,0.0006982926,0.0012456152,0.000457825,"antiPD1","Brca2_KO",NA,"R","GSM4088917","4T1","Mammary carcinoma","GSE137818"
"SRX6885000",0.0018764058,0.0007486116,0.000656688,0.0003311464,"antiPD1","Brca2_KO",NA,"R","GSM4088918","4T1","Mammary carcinoma","GSE137818"
"SRX6885001",0.0018028176,0.0005730141,0.0010534364,0.0008193104,"antiPD1","Brca1_KO",NA,"NR","GSM4088919","4T1","Mammary carcinoma","GSE137818"
"SRX6885002",0.0014739102,0.00051213738,0.0012027868,0.0010966108,"antiPD1","Brca1_KO",NA,"NR","GSM4088920","4T1","Mammary carcinoma","GSE137818"
"SRX6885003",0.0006688584,0.00057137988,0,0.0003860132,"antiPD1","Brca1_KO",NA,"NR","GSM4088921","4T1","Mammary carcinoma","GSE137818"
"SRX6885004",4.7237382e-05,0.00050881092,0,0.0003257776,"antiPD1","Brca1_KO",NA,"NR","GSM4088922","4T1","Mammary carcinoma","GSE137818"
"SRX6885005",0.0003187119,0.000650793,3.20911e-05,0.0004233264,"antiPD1","Brca1_KO",NA,"NR","GSM4088923","4T1","Mammary carcinoma","GSE137818"
"SRX7124269",0.0033259134,0.0015628752,0.00013509328,0.0007825136,"no_treatment",NA,NA,NA,"GSM4156413","4T1","Mammary carcinoma","GSE140192"
"SRX7124270",0.0018752682,0.0007192152,1.2901876e-06,0.0003689394,"no_treatment",NA,NA,NA,"GSM4156414","4T1","Mammary carcinoma","GSE140192"
"SRX7124271",0.005639091,0.0015616596,3.003846e-05,0.0010558632,"no_treatment",NA,NA,NA,"GSM4156415","4T1","Mammary carcinoma","GSE140192"
"SRX7124272",0.0048064794,0.0018774978,0.0018208558,0.001519904,"no_treatment",NA,NA,NA,"GSM4156416","4T1","Mammary carcinoma","GSE140192"
"SRX7124273",0.00038684388,0.00020247708,9.016376e-06,6.125098e-05,"no_treatment",NA,NA,NA,"GSM4156417","4T1","Mammary carcinoma","GSE140192"
"SRX7124274",7.385514e-05,0.00022723068,0.00012590562,0.00018042738,"no_treatment",NA,NA,NA,"GSM4156418","4T1","Mammary carcinoma","GSE140192"
"SRX7124275",0.00160692,0.0006197256,0.0002529456,0.0003188482,"no_treatment",NA,NA,NA,"GSM4156419","4T1","Mammary carcinoma","GSE140192"
"SRX7124276",0.0017150556,0.00058304154,0.0003270704,0.0002982004,"no_treatment",NA,NA,NA,"GSM4156420","4T1","Mammary carcinoma","GSE140192"
"SRX7124277",0.0016501122,0.0006060456,0.0004884504,0.000337223,"no_treatment",NA,NA,NA,"GSM4156421","4T1","Mammary carcinoma","GSE140192"
"SRX7124278",0.001264194,0.00041747142,6.391522e-07,0.00019624724,"no_treatment",NA,NA,NA,"GSM4156422","Py230","Mammary adenocarcinoma","GSE140192"
"SRX7124279",0.0008634474,0.00033197238,1.196911e-05,0.00015980456,"no_treatment",NA,NA,NA,"GSM4156423","Py230","Mammary adenocarcinoma","GSE140192"
"SRX7124280",0.0010368654,0.00036382614,0,0.0002144958,"no_treatment",NA,NA,NA,"GSM4156424","Py230","Mammary adenocarcinoma","GSE140192"
"SRX7124281",0.001556973,0.0007350642,0.0002416726,0.0004150662,"no_treatment",NA,NA,NA,"GSM4156425","Py230","Mammary adenocarcinoma","GSE140192"
"SRX7124282",0.0007385886,0.00040072218,6.299058e-05,0.00016191426,"no_treatment",NA,NA,NA,"GSM4156426","Py230","Mammary adenocarcinoma","GSE140192"
"SRX7124283",0.00021604038,0.00019235298,1.2449438e-06,7.904514e-05,"no_treatment",NA,NA,NA,"GSM4156427","Py230","Mammary adenocarcinoma","GSE140192"
"SRX7124284",0.0025917294,0.000654894,0.0002872824,0.0004816934,"no_treatment",NA,NA,NA,"GSM4156428","Py230","Mammary adenocarcinoma","GSE140192"
"SRX7124285",0.0026437062,0.00047286012,0.00013192412,0.0002720856,"no_treatment",NA,NA,NA,"GSM4156429","Py230","Mammary adenocarcinoma","GSE140192"
"SRX7124286",0.002412576,0.0006869454,0.0003925144,0.0005414384,"no_treatment",NA,NA,NA,"GSM4156430","Py230","Mammary adenocarcinoma","GSE140192"
"SRX7677796",0.0011007096,0.00054702306,0.00012064074,0.00017963922,"no_treatment",NA,NA,NA,"GSM4296349","Py8119","Mammary adenocarcinoma","GSE144787"
"SRX7677797",0.0013495932,0.0006143952,3.111542e-05,0.0002675652,"no_treatment",NA,NA,NA,"GSM4296350","Py8119","Mammary adenocarcinoma","GSE144787"
"SRX7677798",0.0014532522,0.0007076886,0.00016254544,0.0002345578,"no_treatment",NA,NA,NA,"GSM4296351","Py8119","Mammary adenocarcinoma","GSE144787"
"SRX7677799",0.0024978348,0.0008909478,2.396976e-05,0.0002917708,"no_treatment",NA,NA,NA,"GSM4296352","Py8119","Mammary adenocarcinoma","GSE144787"
"SRX7810891",0,0.0002657244,0,0.00016609494,"no_treatment",NA,NA,NA,"GSM4351981","4T1","Mammary carcinoma","GSE146012"
"SRX7810892",0,0.00024621186,0,0.0002085586,"no_treatment",NA,NA,NA,"GSM4351982","4T1","Mammary carcinoma","GSE146012"
"SRX7810893",0,0.00030836376,0,0.0002725938,"no_treatment",NA,NA,NA,"GSM4351983","4T1","Mammary carcinoma","GSE146012"
"SRX7810894",0,0.00026283432,0,0.0002698376,"no_treatment",NA,NA,NA,"GSM4351984","4T1","Mammary carcinoma","GSE146012"
"SRX7810895",0,0.00026837454,0,0.000280357,"no_treatment",NA,NA,NA,"GSM4351985","4T1","Mammary carcinoma","GSE146012"
"SRX7810896",0,0.00032876484,0,0.0002101788,"no_treatment",NA,NA,NA,"GSM4351986","4T1","Mammary carcinoma","GSE146012"
"SRX7810897",0,0.00044692008,0,0.0002603478,"no_treatment",NA,NA,NA,"GSM4351987","4T1","Mammary carcinoma","GSE146012"
"SRX7810898",0,0.00037243866,0,0.000220013,"no_treatment",NA,NA,NA,"GSM4351988","4T1","Mammary carcinoma","GSE146012"
"SRX8062813",0.0018974556,0.001201794,0.00019601256,0.0005365608,"no_treatment",NA,NA,NA,"GSM4454983","E0771","Mammary adenocarcinoma","GSE148149"
"SRX8062814",0.0022144302,0.0012251994,0.0002541176,0.000491844,"no_treatment",NA,NA,NA,"GSM4454984","E0771","Mammary adenocarcinoma","GSE148149"
"SRX8062815",0.0014208906,0.0011210178,0.000490376,0.000569159,"no_treatment",NA,NA,NA,"GSM4454985","E0771","Mammary adenocarcinoma","GSE148149"
"SRX8062816",0.0029518638,0.001834479,0.0005199248,0.0006489084,"no_treatment",NA,NA,NA,"GSM4454986","E0771","Mammary adenocarcinoma","GSE148149"
"SRX8062817",0.002013273,0.001679355,0.0010102806,0.0007300416,"no_treatment",NA,NA,NA,"GSM4454987","E0771","Mammary adenocarcinoma","GSE148149"
"SRX8062818",0.001778232,0.0014882082,0.0004636722,0.0006139676,"no_treatment",NA,NA,NA,"GSM4454988","E0771","Mammary adenocarcinoma","GSE148149"
"SRX8369578",0.0037822812,0.0013290708,0.0007909396,0.0005319272,"no_treatment",NA,NA,NA,"GSM4561162","4T1","Mammary carcinoma","GSE150928"
"SRX8369580",0.0014325558,0.0007102554,0.0002021164,0.0004474226,"no_treatment",NA,NA,NA,"GSM4561164","4T1","Mammary carcinoma","GSE150928"
"SRX8369581",0.0023063076,0.0012597756,0.0004415526,0.0006534788,"no_treatment",NA,NA,NA,"GSM4561165","4T1","Mammary carcinoma","GSE150928"
"SRX8369582",0.0017483568,0.000828762,0.0004906342,0.0005220998,"no_treatment",NA,NA,NA,"GSM4561166","4T1","Mammary carcinoma","GSE150928"
"SRX8369583",0.0014898882,0.0009655242,0.0003036638,0.0007369,"no_treatment",NA,NA,NA,"GSM4561167","4T1","Mammary carcinoma","GSE150928"
"SRX8369584",0.002185041,0.0009344346,0.0003020782,0.0003362354,"no_treatment",NA,NA,NA,"GSM4561168","4T1","Mammary carcinoma","GSE150928"
"SRX8369585",0.0021616968,0.0010055106,5.226714e-05,0.0004802458,"no_treatment",NA,NA,NA,"GSM4561169","4T1","Mammary carcinoma","GSE150928"
"SRX8369586",0.0008612814,0.0008633292,4.158466e-05,0.000436553,"no_treatment",NA,NA,NA,"GSM4561170","4T1","Mammary carcinoma","GSE150928"
"SRX8369587",0.0022225662,0.0008076276,8.422406e-05,0.000300197,"no_treatment",NA,NA,NA,"GSM4561171","4T1","Mammary carcinoma","GSE150928"
"SRX8369588",0.001069494,0.0008295852,0,0.000331385,"no_treatment",NA,NA,NA,"GSM4561172","4T1","Mammary carcinoma","GSE150928"
"SRX8369589",0.0013469022,0.000812391,0.000351903,0.0004056656,"no_treatment",NA,NA,NA,"GSM4561173","4T1","Mammary carcinoma","GSE150928"
"SRX8369590",0.0010778316,0.0007358088,0,0.0003576436,"no_treatment",NA,NA,NA,"GSM4561174","4T1","Mammary carcinoma","GSE150928"
"SRX8369591",0.0006430788,0.0007144812,0,0.0003839436,"no_treatment",NA,NA,NA,"GSM4561175","4T1","Mammary carcinoma","GSE150928"
"SRX8369592",0.001301043,0.0008971074,1.1324706e-05,0.0004219628,"no_treatment",NA,NA,NA,"GSM4561176","4T1","Mammary carcinoma","GSE150928"
"SRX8369593",0.0017324658,0.0007827336,0.00010838136,0.0003791308,"no_treatment",NA,NA,NA,"GSM4561177","4T1","Mammary carcinoma","GSE150928"
"SRX8369737",0.0006695598,0.0007426242,2.784056e-05,0.0004187746,"no_treatment",NA,NA,NA,"GSM4561178","4T1","Mammary carcinoma","GSE150928"
"SRX8369738",0.0025638,0.0012668796,0.0004371956,0.0004250638,"no_treatment",NA,NA,NA,"GSM4561179","4T1","Mammary carcinoma","GSE150928"
"SRX8369739",0.0016916448,0.00098358,0.0003819718,0.0003118272,"no_treatment",NA,NA,NA,"GSM4561180","4T07","Mammary carcinoma","GSE150928"
"SRX8369740",0.0026250756,0.0010294212,0.0002170882,0.0004034442,"no_treatment",NA,NA,NA,"GSM4561181","4T07","Mammary carcinoma","GSE150928"
"SRX8369741",0.002344389,0.0011359986,0.0002270994,0.0003898528,"no_treatment",NA,NA,NA,"GSM4561182","4T07","Mammary carcinoma","GSE150928"
"SRX8369742",0.0027124374,0.0013702146,0.0006991362,0.000489238,"no_treatment",NA,NA,NA,"GSM4561183","4T07","Mammary carcinoma","GSE150928"
"SRX8369743",0.002284059,0.0011095422,0.0002750652,0.0003681504,"no_treatment",NA,NA,NA,"GSM4561184","4T07","Mammary carcinoma","GSE150928"
"SRX8369744",0.0018001182,0.0009906636,0.0003077126,0.0003307746,"no_treatment",NA,NA,NA,"GSM4561185","4T07","Mammary carcinoma","GSE150928"
"SRX8369745",0.0015269688,0.0006059142,0.000225572,0.0003551724,"no_treatment",NA,NA,NA,"GSM4561186","6DT1","Mammary carcinoma","GSE150928"
"SRX8369746",0.0014082294,0.00059143782,0.0002619774,0.0003526752,"no_treatment",NA,NA,NA,"GSM4561187","6DT1","Mammary carcinoma","GSE150928"
"SRX8369747",0.002407713,0.0006915432,0.0002022346,0.0003859714,"no_treatment",NA,NA,NA,"GSM4561188","6DT1","Mammary carcinoma","GSE150928"
"SRX8369749",0.001692876,0.0007218426,0.000244818,0.0004591314,"no_treatment",NA,NA,NA,"GSM4561190","6DT1","Mammary carcinoma","GSE150928"
"SRX8369750",0.0011781024,0.00053931366,2.840062e-05,0.0003503428,"no_treatment",NA,NA,NA,"GSM4561191","6DT1","Mammary carcinoma","GSE150928"
"SRX8369751",0.0020474658,0.00055025154,0.00011477174,0.0002445128,"no_treatment",NA,NA,NA,"GSM4561192","6DT1","Mammary carcinoma","GSE150928"
"SRX8369752",0.0019308168,0.0011293572,0.0004603392,0.0011127328,"no_treatment",NA,NA,NA,"GSM4561193","6DT1","Mammary carcinoma","GSE150928"
"SRX8369753",0.001101168,0.00059974944,8.278168e-05,0.0003528654,"no_treatment",NA,NA,NA,"GSM4561194","6DT1","Mammary carcinoma","GSE150928"
"SRX8369754",0.002493624,0.000506457,7.154958e-05,0.00019901942,"no_treatment",NA,NA,NA,"GSM4561195","6DT1","Mammary carcinoma","GSE150928"
"SRX8369755",0.0013214922,0.0005048178,6.660992e-05,0.0003690542,"no_treatment",NA,NA,NA,"GSM4561196","6DT1","Mammary carcinoma","GSE150928"
"SRX8369756",0.0023490162,0.0003014277,0.0009628982,0.0004650374,"no_treatment",NA,NA,NA,"GSM4561197","6DT1","Mammary carcinoma","GSE150928"
"SRX8369757",0.002188491,0.00036665166,5.063282e-05,0.000251978,"no_treatment",NA,NA,NA,"GSM4561198","6DT1","Mammary carcinoma","GSE150928"
"SRX8369758",0.0025072824,0.0005823306,8.926714e-05,0.0002628152,"no_treatment",NA,NA,NA,"GSM4561199","6DT1","Mammary carcinoma","GSE150928"
"SRX8369759",0.001956342,0.00044880618,2.172756e-05,0.0002048072,"no_treatment",NA,NA,NA,"GSM4561200","6DT1","Mammary carcinoma","GSE150928"
"SRX8369760",0.0024154602,0.00049672212,6.029114e-05,0.00018702564,"no_treatment",NA,NA,NA,"GSM4561201","6DT1","Mammary carcinoma","GSE150928"
"SRX8369761",0.0017168526,0.00034619724,1.9933808e-05,0.00010687392,"no_treatment",NA,NA,NA,"GSM4561202","6DT1","Mammary carcinoma","GSE150928"
"SRX8369763",0.0009158454,0.00026175666,0,8.6864e-05,"no_treatment",NA,NA,NA,"GSM4561204","6DT1","Mammary carcinoma","GSE150928"
"SRX8369764",0.0021169008,0.00040606812,1.540135e-06,0.00015655944,"no_treatment",NA,NA,NA,"GSM4561205","6DT1","Mammary carcinoma","GSE150928"
"SRX8369765",0.0009927414,0.00028156668,0,0.00010595042,"no_treatment",NA,NA,NA,"GSM4561206","6DT1","Mammary carcinoma","GSE150928"
"SRX8369766",0.0018167898,0.00038299584,0,0.0001939622,"no_treatment",NA,NA,NA,"GSM4561207","6DT1","Mammary carcinoma","GSE150928"
"SRX8369767",0.0017295894,0.00040926264,0,0.000203642,"no_treatment",NA,NA,NA,"GSM4561208","6DT1","Mammary carcinoma","GSE150928"
"SRX8369768",0.0029250276,0.0011219904,2.465544e-05,0.000456613,"no_treatment",NA,NA,NA,"GSM4561209","67NR","Mammary carcinoma","GSE150928"
"SRX8369769",0.0041299974,0.0012982326,0.000564125,0.00037411,"no_treatment",NA,NA,NA,"GSM4561210","67NR","Mammary carcinoma","GSE150928"
"SRX8369770",0.0037450554,0.0009227364,6.331294e-05,0.000423608,"no_treatment",NA,NA,NA,"GSM4561211","67NR","Mammary carcinoma","GSE150928"
"SRX8369771",0.0031201662,0.000874755,6.465234e-05,0.0003142866,"no_treatment",NA,NA,NA,"GSM4561212","67NR","Mammary carcinoma","GSE150928"
"SRX8369772",0.0030429108,0.0008765094,8.72463e-05,0.0003510888,"no_treatment",NA,NA,NA,"GSM4561213","67NR","Mammary carcinoma","GSE150928"
"SRX8369773",0.0030601998,0.0008236398,0.0002138518,0.0003032104,"no_treatment",NA,NA,NA,"GSM4561214","67NR","Mammary carcinoma","GSE150928"
"SRX8369776",0.00059702376,0.00052478232,0,0.00019002716,"no_treatment",NA,NA,NA,"GSM4561217","Met1","Mammary carcinoma","GSE150928"
"SRX8369777",0.000664881,0.0006330486,4.026388e-05,0.00017204006,"no_treatment",NA,NA,NA,"GSM4561218","Met1","Mammary carcinoma","GSE150928"
"SRX8369778",0.0006300588,0.00020018316,0,9.02167e-05,"no_treatment",NA,NA,NA,"GSM4561219","D2A1","Mammary carcinoma","GSE150928"
"SRX8369779",0.0013262178,0.0003648219,7.240514e-05,0.00014407474,"no_treatment",NA,NA,NA,"GSM4561220","D2A1","Mammary carcinoma","GSE150928"
"SRX8369780",0.0010765638,0.0003477639,0,0.00011596866,"no_treatment",NA,NA,NA,"GSM4561221","D2A1","Mammary carcinoma","GSE150928"
"SRX8369781",0.0012214638,0.00037064136,3.422602e-05,0.00013212738,"no_treatment",NA,NA,NA,"GSM4561222","D2A1","Mammary carcinoma","GSE150928"
"SRX8369782",0.0027954066,0.0013327128,6.926834e-05,0.000526974,"no_treatment",NA,NA,NA,"GSM4561223","E0771","Mammary adenocarcinoma","GSE150928"
"SRX8369783",0.0027632052,0.0013709586,0,0.000401161,"no_treatment",NA,NA,NA,"GSM4561224","E0771","Mammary adenocarcinoma","GSE150928"
"SRX8369784",0.0026996592,0.0013380732,1.816951e-05,0.0004199024,"no_treatment",NA,NA,NA,"GSM4561225","E0771","Mammary adenocarcinoma","GSE150928"
"SRX8369785",0.0028583262,0.0013074786,6.973074e-05,0.0004288738,"no_treatment",NA,NA,NA,"GSM4561226","E0771","Mammary adenocarcinoma","GSE150928"
"SRX8369786",0.0039330852,0.0016754814,0.0005907204,0.0006379566,"no_treatment",NA,NA,NA,"GSM4561227","EMT6","Mammary carcinoma","GSE150928"
"SRX8369787",0.0034435998,0.0007705776,0.00292931,0.0010289178,"no_treatment",NA,NA,NA,"GSM4561228","EMT6","Mammary carcinoma","GSE150928"
"SRX8369788",0.0044213442,0.0019630668,0.0004110174,0.0007882042,"no_treatment",NA,NA,NA,"GSM4561229","EMT6","Mammary carcinoma","GSE150928"
"SRX8369789",0.0052677258,0.0023724216,0.0002622038,0.0007933576,"no_treatment",NA,NA,NA,"GSM4561230","EMT6","Mammary carcinoma","GSE150928"
"SRX8369790",0.0020763534,0.0004537791,4.894194e-05,0.0003607392,"no_treatment",NA,NA,NA,"GSM4561231","F311","Mammary carcinoma","GSE150928"
"SRX8369791",0.0027910872,0.0007511382,0.0007220972,0.000215126,"no_treatment",NA,NA,NA,"GSM4561232","F311","Mammary carcinoma","GSE150928"
"SRX8369792",0.0023831424,0.00046957296,0.000759419,0.00013509296,"no_treatment",NA,NA,NA,"GSM4561233","F311","Mammary carcinoma","GSE150928"
"SRX8369793",0.0025747206,0.00059358342,8.152724e-05,0.0003690022,"no_treatment",NA,NA,NA,"GSM4561234","F311","Mammary carcinoma","GSE150928"
"SRX8369794",0.0020881998,0.00042711906,0,0.0002681804,"no_treatment",NA,NA,NA,"GSM4561235","HRM1","Mammary carcinoma","GSE150928"
"SRX8369795",0.0017082324,0.0003423198,0,0.00012680002,"no_treatment",NA,NA,NA,"GSM4561236","HRM1","Mammary carcinoma","GSE150928"
"SRX8369796",0.0023650824,0.00050406936,0,0.0002238018,"no_treatment",NA,NA,NA,"GSM4561237","HRM1","Mammary carcinoma","GSE150928"
"SRX8369797",0.002190102,0.00048119232,0,0.0002040754,"no_treatment",NA,NA,NA,"GSM4561238","HRM1","Mammary carcinoma","GSE150928"
"SRX8369798",0.0040794432,0.000719643,0.00013484988,0.000270594,"no_treatment",NA,NA,NA,"GSM4561239","R3T","Mammary cancer, NOS","GSE150928"
"SRX8369799",0.002280516,0.0008578266,1.0727976e-05,0.00018925562,"no_treatment",NA,NA,NA,"GSM4561240","R3T","Mammary cancer, NOS","GSE150928"
"SRX8369800",0.0039265248,0.0011170182,0.0005283298,0.0002347624,"no_treatment",NA,NA,NA,"GSM4561241","R3T","Mammary cancer, NOS","GSE150928"
"SRX8369801",0.0028227642,0.0006794508,0.0001200806,0.0002831734,"no_treatment",NA,NA,NA,"GSM4561242","R3T","Mammary cancer, NOS","GSE150928"
"SRX8369802",0.002747718,0.0007055082,0.0002524866,0.000261944,"no_treatment",NA,NA,NA,"GSM4561243","TSAE1","Mammary adenocarcinoma","GSE150928"
"SRX8369803",0.003815886,0.000939096,0.0002239606,0.0003631056,"no_treatment",NA,NA,NA,"GSM4561244","TSAE1","Mammary adenocarcinoma","GSE150928"
"SRX8369804",0.0034195422,0.0009133542,6.51597e-05,0.000304873,"no_treatment",NA,NA,NA,"GSM4561245","TSAE1","Mammary adenocarcinoma","GSE150928"
"SRX8369805",0.0031294488,0.0007637352,0.00013788474,0.0003647486,"no_treatment",NA,NA,NA,"GSM4561246","TSAE1","Mammary adenocarcinoma","GSE150928"
"SRX8369806",0.0005840622,0.00048930348,0.0004524442,0.000533581,"no_treatment",NA,NA,NA,"GSM4561247","M6","Mammary adenocarcinoma","GSE150928"
"SRX8369807",0.00034527372,0.00031968654,0,8.549106e-05,"no_treatment",NA,NA,NA,"GSM4561248","M6","Mammary adenocarcinoma","GSE150928"
"SRX8369808",0.00015629718,0.00035549586,0,0.0002160486,"no_treatment",NA,NA,NA,"GSM4561249","M6","Mammary adenocarcinoma","GSE150928"
"SRX8369809",3.1747716e-05,0.00031117962,0,9.58933e-05,"no_treatment",NA,NA,NA,"GSM4561250","M6","Mammary adenocarcinoma","GSE150928"
"SRX8369810",0.00051248856,0.00048780144,0,0.00013640414,"no_treatment",NA,NA,NA,"GSM4561251","M6","Mammary adenocarcinoma","GSE150928"
"SRX8369811",0.000174615,0.00033897756,0,0.00018761054,"no_treatment",NA,NA,NA,"GSM4561252","M6","Mammary adenocarcinoma","GSE150928"
"SRX8369812",0.0007057986,0.00029889972,0,0.0002194558,"no_treatment",NA,NA,NA,"GSM4561253","M6","Mammary adenocarcinoma","GSE150928"
"SRX8369813",0.00020389452,0.00054310512,6.245532e-05,0.0003753292,"no_treatment",NA,NA,NA,"GSM4561254","M6","Mammary adenocarcinoma","GSE150928"
"SRX8369814",0.00034998948,0.0004755657,0,0.00011325492,"no_treatment",NA,NA,NA,"GSM4561255","M6","Mammary adenocarcinoma","GSE150928"
"SRX8369815",0.00020429784,0.0003285255,0,6.335128e-05,"no_treatment",NA,NA,NA,"GSM4561256","M6","Mammary adenocarcinoma","GSE150928"
"SRX8369816",0.00024592698,0.00055589118,1.3557322e-05,0.0003944498,"no_treatment",NA,NA,NA,"GSM4561257","M6","Mammary adenocarcinoma","GSE150928"
"SRX8369817",0.00048294324,0.00046000812,0,0.0002068458,"no_treatment",NA,NA,NA,"GSM4561258","M6","Mammary adenocarcinoma","GSE150928"
"SRX8369818",0.00035158926,0.00024441066,0,8.63522e-05,"no_treatment",NA,NA,NA,"GSM4561259","M6","Mammary adenocarcinoma","GSE150928"
"SRX8369819",1.2279132e-05,0.00037422108,1.4815888e-05,0.0002062882,"no_treatment",NA,NA,NA,"GSM4561260","M6","Mammary adenocarcinoma","GSE150928"
"SRX8369820",8.426964e-05,0.00028320912,0,7.699086e-05,"no_treatment",NA,NA,NA,"GSM4561261","M6","Mammary adenocarcinoma","GSE150928"
"SRX8369821",0.001631253,0.00038021094,0.00015517004,0.000414373,"no_treatment",NA,NA,NA,"GSM4561262","Met1","Mammary carcinoma","GSE150928"
"SRX8369822",0.00057602682,0.00041871234,2.485552e-05,0.00010271462,"no_treatment",NA,NA,NA,"GSM4561263","Met1","Mammary carcinoma","GSE150928"
"SRX8369823",0.0014022126,0.00031567806,6.18356e-06,0.0001062039,"no_treatment",NA,NA,NA,"GSM4561264","Met1","Mammary carcinoma","GSE150928"
"SRX8369824",0.0017897184,0.00037109286,8.644422e-05,0.0002036102,"no_treatment",NA,NA,NA,"GSM4561265","Met1","Mammary carcinoma","GSE150928"
"SRX8369825",0.0028132488,0.00035267358,0.00012746252,0.0002196544,"no_treatment",NA,NA,NA,"GSM4561266","Met1","Mammary carcinoma","GSE150928"
"SRX8369826",0.0031049262,0,0.002966294,0.001051139,"no_treatment",NA,NA,NA,"GSM4561267","Met1","Mammary carcinoma","GSE150928"
"SRX8369827",0.0001143945,0.00028178088,0,0.0002145446,"no_treatment",NA,NA,NA,"GSM4561268","Met1","Mammary carcinoma","GSE150928"
"SRX8369828",0.0004343322,0.00022238352,3.640494e-05,0.0002464888,"no_treatment",NA,NA,NA,"GSM4561269","Met1","Mammary carcinoma","GSE150928"
"SRX8369829",0.0007770792,0.00040563984,5.90299e-05,0.000421945,"no_treatment",NA,NA,NA,"GSM4561270","Met1","Mammary carcinoma","GSE150928"
"SRX8369830",0.0019000896,0.00028322232,9.398794e-05,0.0001143823,"no_treatment",NA,NA,NA,"GSM4561271","Met1","Mammary carcinoma","GSE150928"
"SRX8369831",0.0007198674,0.00034389474,2.195558e-05,0.00016870328,"no_treatment",NA,NA,NA,"GSM4561272","Met1","Mammary carcinoma","GSE150928"
"SRX8369832",0.0007982328,0.00035152188,5.21098e-05,0.0002226938,"no_treatment",NA,NA,NA,"GSM4561273","Met1","Mammary carcinoma","GSE150928"
"SRX8369833",0.0012496056,0.00051088518,6.410916e-05,0.0002156662,"no_treatment",NA,NA,NA,"GSM4561274","Met1","Mammary carcinoma","GSE150928"
"SRX8369834",0.0016302336,0.00037295382,5.871322e-05,0.00014579032,"no_treatment",NA,NA,NA,"GSM4561275","Met1","Mammary carcinoma","GSE150928"
"SRX8369835",0.001737033,0.0003612366,5.683496e-05,0.00011225478,"no_treatment",NA,NA,NA,"GSM4561276","Met1","Mammary carcinoma","GSE150928"
"SRX8369836",0.0021575082,0.00036231426,0.00017821674,0.0003738892,"no_treatment",NA,NA,NA,"GSM4561277","Met1","Mammary carcinoma","GSE150928"
"SRX8369837",0.0017286834,0.0003475164,5.01363e-05,0.00019772962,"no_treatment",NA,NA,NA,"GSM4561278","Met1","Mammary carcinoma","GSE150928"
"SRX8369838",0.001585008,0.00034271874,4.946098e-05,0.00013703578,"no_treatment",NA,NA,NA,"GSM4561279","Met1","Mammary carcinoma","GSE150928"
"SRX8369839",0.0006726006,0.000260919,3.600782e-05,8.1822e-05,"no_treatment",NA,NA,NA,"GSM4561280","Met1","Mammary carcinoma","GSE150928"
"SRX8369840",0,0.00027446034,0,0.0002283562,"no_treatment",NA,NA,NA,"GSM4561281","Met1","Mammary carcinoma","GSE150928"
"SRX8369841",0.0036000294,0.00050710668,0.00010246954,0.00016731444,"no_treatment",NA,NA,NA,"GSM4561282","Mvt1","Mammary carcinoma","GSE150928"
"SRX8369842",0.0030821064,0.0005615604,6.267342e-05,0.0002498932,"no_treatment",NA,NA,NA,"GSM4561283","Mvt1","Mammary carcinoma","GSE150928"
"SRX8369843",0.0023092428,0.00045480708,0.00011479052,0.0002166404,"no_treatment",NA,NA,NA,"GSM4561284","Mvt1","Mammary carcinoma","GSE150928"
"SRX8369844",0.0015300516,0.00048135978,2.840852e-05,0.0003650182,"no_treatment",NA,NA,NA,"GSM4561285","Mvt1","Mammary carcinoma","GSE150928"
"SRX8369845",0.002335266,0.00054358182,0.0002789984,0.0002487432,"no_treatment",NA,NA,NA,"GSM4561286","Mvt1","Mammary carcinoma","GSE150928"
"SRX8369846",0.0015061992,0.00037905768,0,0.00012549856,"no_treatment",NA,NA,NA,"GSM4561287","Mvt1","Mammary carcinoma","GSE150928"
"SRX8369847",0.0016540902,0.00035240226,3.38298e-06,0.0001407016,"no_treatment",NA,NA,NA,"GSM4561288","Mvt1","Mammary carcinoma","GSE150928"
"SRX8369848",0.002197341,0.00052441818,0.0002491254,0.0003239646,"no_treatment",NA,NA,NA,"GSM4561289","Mvt1","Mammary carcinoma","GSE150928"
"SRX8369849",0.0030558654,0.00051209376,9.260556e-05,0.0001738058,"no_treatment",NA,NA,NA,"GSM4561290","Mvt1","Mammary carcinoma","GSE150928"
"SRX8369850",0.0025774362,0.00054118902,1.6570482e-05,0.0001595169,"no_treatment",NA,NA,NA,"GSM4561291","Mvt1","Mammary carcinoma","GSE150928"
"SRX8369851",0.001145343,0.0012301752,0.00014190242,0.0004387446,"no_treatment",NA,NA,NA,"GSM4561292","Mvt1","Mammary carcinoma","GSE150928"
"SRX8369852",0.0019320726,0.00039885552,0,0.00015608732,"no_treatment",NA,NA,NA,"GSM4561293","Mvt1","Mammary carcinoma","GSE150928"
"SRX8369853",0.0012568386,0.00026980404,0,0.00012999382,"no_treatment",NA,NA,NA,"GSM4561294","Mvt1","Mammary carcinoma","GSE150928"
"SRX8369854",0.0017349798,0.00056394756,1.0240274e-05,0.0003042206,"no_treatment",NA,NA,NA,"GSM4561295","Mvt1","Mammary carcinoma","GSE150928"
"SRX8369855",0.0012924726,0.00055058478,5.84829e-05,0.0002637542,"no_treatment",NA,NA,NA,"GSM4561296","Mvt1","Mammary carcinoma","GSE150928"
"SRX8369856",0.0018751848,0.000652944,4.642564e-05,0.0003642198,"no_treatment",NA,NA,NA,"GSM4561297","Mvt1","Mammary carcinoma","GSE150928"
"SRX8369857",0.0021349626,0.00048569898,5.607088e-05,0.0002367962,"no_treatment",NA,NA,NA,"GSM4561298","Mvt1","Mammary carcinoma","GSE150928"
"SRX8369858",0.0014976246,0.00047880084,0,0.0002050628,"no_treatment",NA,NA,NA,"GSM4561299","Mvt1","Mammary carcinoma","GSE150928"
"SRX8369662",0.0001092273,0.00019331052,0,5.150014e-05,"no_treatment",NA,NA,NA,"GSM4561422","M6","Mammary adenocarcinoma","GSE150928"
"SRX8369663",0.00036994032,0.0002266191,0,0.0001238474,"no_treatment",NA,NA,NA,"GSM4561423","M6","Mammary adenocarcinoma","GSE150928"
"SRX8369664",0.00018335772,0.00019597662,0,7.970536e-05,"no_treatment",NA,NA,NA,"GSM4561424","M6","Mammary adenocarcinoma","GSE150928"
"SRX8369665",0.004462749,0.00028107846,0.0002916124,0.0003702634,"no_treatment",NA,NA,NA,"GSM4561425","M6","Mammary adenocarcinoma","GSE150928"
"SRX8369666",0,0.00039159246,0,0.00014060122,"no_treatment",NA,NA,NA,"GSM4561426","M6","Mammary adenocarcinoma","GSE150928"
"SRX8369667",0,0.00035706066,0,9.246698e-05,"no_treatment",NA,NA,NA,"GSM4561427","M6","Mammary adenocarcinoma","GSE150928"
"SRX8369668",0,0.00026058312,0,3.766182e-05,"no_treatment",NA,NA,NA,"GSM4561428","M6","Mammary adenocarcinoma","GSE150928"
"SRX8369669",0.00042464238,0.0002725236,1.7051124e-05,0.00015525338,"no_treatment",NA,NA,NA,"GSM4561429","M6","Mammary adenocarcinoma","GSE150928"
"SRX8369671",0.00014462268,0.00045121782,0,0.0001163204,"no_treatment",NA,NA,NA,"GSM4561431","M6","Mammary adenocarcinoma","GSE150928"
"SRX8369672",5.4471744e-05,0.00037663302,0,0.00011832388,"no_treatment",NA,NA,NA,"GSM4561432","M6","Mammary adenocarcinoma","GSE150928"
"SRX8369673",0.00024263232,0.00044061234,0,0.00013053356,"no_treatment",NA,NA,NA,"GSM4561433","M6","Mammary adenocarcinoma","GSE150928"
"SRX8369674",0.00032779698,0.0004260747,0,0.0002529534,"no_treatment",NA,NA,NA,"GSM4561434","M6","Mammary adenocarcinoma","GSE150928"
"SRX8369675",0.00020930676,0.0003901173,1.2131436e-05,0.00013423578,"no_treatment",NA,NA,NA,"GSM4561435","M6","Mammary adenocarcinoma","GSE150928"
"SRX8369676",0.0002033139,0.00041238912,0,0.00017370454,"no_treatment",NA,NA,NA,"GSM4561436","M6","Mammary adenocarcinoma","GSE150928"
"SRX8369677",0.0020251818,0.00042902874,0.000514596,0.000426585,"no_treatment",NA,NA,NA,"GSM4561437","M6","Mammary adenocarcinoma","GSE150928"
"SRX8369678",0.0040290642,0.00041034516,0.0005622002,0.000249,"no_treatment",NA,NA,NA,"GSM4561438","Met1","Mammary carcinoma","GSE150928"
"SRX8369679",0.0052174266,0.00014500068,0.0005870522,0.000220984,"no_treatment",NA,NA,NA,"GSM4561439","Met1","Mammary carcinoma","GSE150928"
"SRX8369680",0.0053134236,0,0.0013224628,0.0005835704,"no_treatment",NA,NA,NA,"GSM4561440","Met1","Mammary carcinoma","GSE150928"
"SRX8369681",0,1.7989212e-05,4.729476e-08,3.456982e-05,"no_treatment",NA,NA,NA,"GSM4561441","Met1","Mammary carcinoma","GSE150928"
"SRX8369682",0.00043388508,0.00017827896,0,6.246628e-05,"no_treatment",NA,NA,NA,"GSM4561442","6DT1","Mammary carcinoma","GSE150928"
"SRX8369683",0.0010816284,0.00032357076,2.554914e-06,8.031724e-05,"no_treatment",NA,NA,NA,"GSM4561443","6DT1","Mammary carcinoma","GSE150928"
"SRX8369721",0,0.0050637168,0,7.575836e-05,"no_treatment",NA,NA,NA,"GSM4561481","Met1","Mammary carcinoma","GSE150928"
"SRX8369723",0.0029073828,0.00043865364,0.00014283564,0.0003616308,"no_treatment",NA,NA,NA,"GSM4561483","Met1","Mammary carcinoma","GSE150928"
"SRX8369724",0.0010845438,0.00012783852,0.00010536772,0.00013926302,"no_treatment",NA,NA,NA,"GSM4561484","Met1","Mammary carcinoma","GSE150928"
"SRX8369729",0,0.013056864,0,0,"no_treatment",NA,NA,NA,"GSM4561489","M6","Mammary adenocarcinoma","GSE150928"
"SRX8769930",0.002894121,0.0007884732,0,0.0002806946,"no_treatment",NA,NA,NA,"GSM4677105","4T1","Mammary carcinoma","GSE154682"
"SRX8769931",0.0019850748,0.0005985579,0,0.0002609472,"no_treatment",NA,NA,NA,"GSM4677106","4T1","Mammary carcinoma","GSE154682"
"SRX8769932",0.00036297072,0.00035103216,0,0.0001716339,"no_treatment",NA,NA,NA,"GSM4677107","4T1","Mammary carcinoma","GSE154682"
"SRX8769933",0.0022713924,0.000759369,0,0.0002329774,"no_treatment",NA,NA,NA,"GSM4677108","4T1","Mammary carcinoma","GSE154682"
"SRX8769934",0.0020842968,0.001573734,0.0008895878,0.002900674,"no_treatment",NA,NA,NA,"GSM4677109","4T1","Mammary carcinoma","GSE154682"
"SRX8769935",0.0024558468,0.0009393534,0.0015401406,0.002767206,"no_treatment",NA,NA,NA,"GSM4677110","4T1","Mammary carcinoma","GSE154682"
"SRX8769936",0.0046302174,0.0013286274,0.0011301788,0.003808224,"no_treatment",NA,NA,NA,"GSM4677111","4T1","Mammary carcinoma","GSE154682"
"SRX8769937",0.00099336,0.0008913438,0.001087217,0.003007356,"no_treatment",NA,NA,NA,"GSM4677112","4T1","Mammary carcinoma","GSE154682"
"SRX757449",0,0.0001719018,0,3.029764e-05,"no_treatment",NA,NA,NA,"GSM1543511","4T1","Mammary carcinoma","GSE63180"
"SRX757450",0,0.00014834142,0,3.66342e-05,"no_treatment",NA,NA,NA,"GSM1543512","4T1","Mammary carcinoma","GSE63180"
"SRX757451",0,0.00017048868,0,4.34851e-05,"no_treatment",NA,NA,NA,"GSM1543513","4T1","Mammary carcinoma","GSE63180"
"SRX757452",0,0.00022447752,0,2.727418e-05,"no_treatment",NA,NA,NA,"GSM1543514","4T1","Mammary carcinoma","GSE63180"
"SRX757453",0.00018494646,0.0004155927,0,0.00012046802,"no_treatment",NA,NA,NA,"GSM1543515","4T1","Mammary carcinoma","GSE63180"
"SRX757454",0.00010880322,0.00034848996,0,0.00010434424,"no_treatment",NA,NA,NA,"GSM1543516","4T1","Mammary carcinoma","GSE63180"
"SRX757455",0,0.0006491772,0,0.00017559294,"no_treatment",NA,NA,NA,"GSM1543517","4T1","Mammary carcinoma","GSE63180"
"SRX757456",0,0.00042719394,0,0.00012622658,"no_treatment",NA,NA,NA,"GSM1543518","4T1","Mammary carcinoma","GSE63180"
"SRX4673405",0.0015485022,0.00052770288,2.509722e-05,0.00012762636,"vehicle",NA,NA,NA,"GSM3385837","4T1","Mammary carcinoma","GSE85353"
"SRX4673406",0.0009583926,0.00030147756,3.822682e-05,0.00015517422,"vehicle",NA,NA,NA,"GSM3385838","4T1","Mammary carcinoma","GSE85353"
"SRX4673407",0.0006699384,0.00037144206,1.3776222e-05,0.00015288872,"vehicle",NA,NA,NA,"GSM3385839","4T1","Mammary carcinoma","GSE85353"
"SRX4673408",0.00056178714,0.00024225114,0,0.00013849066,"vehicle",NA,NA,NA,"GSM3385840","4T1","Mammary carcinoma","GSE85353"
"SRX4673409",0.0006510108,0.00029091198,8.299524e-06,0.00012225268,"vehicle",NA,NA,NA,"GSM3385841","4T1","Mammary carcinoma","GSE85353"
"SRX4673410",0.0006571296,0.00026949576,0,8.605578e-05,"aza",NA,NA,NA,"GSM3385842","4T1","Mammary carcinoma","GSE85353"
"SRX4673411",0.0008118288,0.00034049388,0,8.44673e-05,"aza",NA,NA,NA,"GSM3385843","4T1","Mammary carcinoma","GSE85353"
"SRX4673412",0.000788067,0.00036225594,0,0.00011702118,"aza",NA,NA,NA,"GSM3385844","4T1","Mammary carcinoma","GSE85353"
"SRX4673413",0.0009238962,0.00031467312,0,0.00014315436,"aza",NA,NA,NA,"GSM3385845","4T1","Mammary carcinoma","GSE85353"
"SRX4673533",0.0030549786,0.0004022229,3.85998e-05,0.0002312448,"vehicle",NA,NA,NA,"GSM3385965","4T1","Mammary carcinoma","GSE85353"
"SRX4673534",0.0029090586,0.0009325242,0.0001032529,0.0002569118,"vehicle",NA,NA,NA,"GSM3385966","4T1","Mammary carcinoma","GSE85353"
"SRX4673535",0.0022986018,0.0007961802,4.226378e-05,0.0002431124,"vehicle",NA,NA,NA,"GSM3385967","4T1","Mammary carcinoma","GSE85353"
"SRX4673536",0.0038791614,0.0007757232,5.040714e-05,0.0002699504,"vehicle",NA,NA,NA,"GSM3385968","4T1","Mammary carcinoma","GSE85353"
"SRX4673537",0.002550423,0.0007522518,5.440174e-05,0.0002163596,"vehicle",NA,NA,NA,"GSM3385969","4T1","Mammary carcinoma","GSE85353"
"SRX4673538",0.002765256,0.0007691586,6.831914e-05,0.0002366856,"vehicle",NA,NA,NA,"GSM3385970","4T1","Mammary carcinoma","GSE85353"
"SRX4673539",0.0034255932,0.0006580008,0,0.000265896,"vehicle",NA,NA,NA,"GSM3385971","4T1","Mammary carcinoma","GSE85353"
"SRX4673540",0.0027957468,0.0006765912,5.170692e-05,0.000270483,"vehicle","Hif1b_KO",NA,NA,"GSM3385972","4T1","Mammary carcinoma","GSE85353"
"SRX4673541",0.002047692,0.0007993344,0.00017468094,0.00016292396,"vehicle","Hif1b_KO",NA,NA,"GSM3385973","4T1","Mammary carcinoma","GSE85353"
"SRX4673542",0.0025284918,0.0006615156,0.0002137582,0.0002459424,"vehicle","Hif1b_KO",NA,NA,"GSM3385974","4T1","Mammary carcinoma","GSE85353"
"SRX4673543",0.002541732,0.0007077348,6.748586e-05,0.00018351152,"vehicle","Hif1b_KO",NA,NA,"GSM3385975","4T1","Mammary carcinoma","GSE85353"
"SRX4673544",0.0025661352,0.0009226866,0.00013170236,0.0002223118,"vehicle","Hif1b_KO",NA,NA,"GSM3385976","4T1","Mammary carcinoma","GSE85353"
"SRX4673545",0.003730452,0.000833934,3.10897e-05,0.0003432748,"vehicle","Hif1b_KO",NA,NA,"GSM3385977","4T1","Mammary carcinoma","GSE85353"
"SRX4673546",0.002265966,0.00047322,4.85032e-06,0.0002718214,"aza",NA,NA,NA,"GSM3385978","4T1","Mammary carcinoma","GSE85353"
"SRX4673547",0.0041373126,0.0003120429,0,0.0002945974,"aza",NA,NA,NA,"GSM3385979","4T1","Mammary carcinoma","GSE85353"
"SRX4673548",0.0020613516,0.000620283,0,0.0002700526,"aza",NA,NA,NA,"GSM3385980","4T1","Mammary carcinoma","GSE85353"
"SRX4673549",0.0023851854,0.0006608394,0,0.0002403778,"aza",NA,NA,NA,"GSM3385981","4T1","Mammary carcinoma","GSE85353"
"SRX4673550",0.005307552,0.0007542684,0.0003224688,0.000449691,"aza",NA,NA,NA,"GSM3385982","4T1","Mammary carcinoma","GSE85353"
"SRX4673551",0.0023756742,0.00034762032,0,0.00017601916,"aza",NA,NA,NA,"GSM3385983","4T1","Mammary carcinoma","GSE85353"
"SRX4673552",0.0039324036,0.0008285208,0,0.0003390328,"aza",NA,NA,NA,"GSM3385984","4T1","Mammary carcinoma","GSE85353"
"SRX4673553",0.004432518,0.000943332,2.664082e-05,0.0003164072,"aza",NA,NA,NA,"GSM3385985","4T1","Mammary carcinoma","GSE85353"
"SRX4673554",0.0027463182,0.000689064,1.0367948e-05,0.0002232586,"aza","Hif1b_KO",NA,NA,"GSM3385986","4T1","Mammary carcinoma","GSE85353"
"SRX4673555",0.0043012554,0.00050415972,0.00017693028,0.0003034446,"aza","Hif1b_KO",NA,NA,"GSM3385987","4T1","Mammary carcinoma","GSE85353"
"SRX4673556",0.0032079024,0.0005596965,0,0.0002826084,"aza","Hif1b_KO",NA,NA,"GSM3385988","4T1","Mammary carcinoma","GSE85353"
"SRX4673557",0.0041519364,0.00032200998,0,0.0003610232,"aza","Hif1b_KO",NA,NA,"GSM3385989","4T1","Mammary carcinoma","GSE85353"
"SRX4673558",0.003970962,0.0007928652,4.026832e-05,0.0002719312,"aza","Hif1b_KO",NA,NA,"GSM3385990","4T1","Mammary carcinoma","GSE85353"
"SRX4673559",0.0019370928,0.00015692484,4.739144e-05,0.0002134984,"aza","Hif1b_KO",NA,NA,"GSM3385991","4T1","Mammary carcinoma","GSE85353"
"SRX4673560",0.0021209832,0.000690324,2.110106e-06,0.000223012,"aza","Hif1b_KO",NA,NA,"GSM3385992","4T1","Mammary carcinoma","GSE85353"
"SRX4673561",0.0037824492,0.0007147908,0,0.000242613,"aza","Hif1b_KO",NA,NA,"GSM3385993","4T1","Mammary carcinoma","GSE85353"
"SRX4673562",0.0020154612,0.0007629516,0,0.0002866204,"aza",NA,NA,NA,"GSM3385994","4T1","Mammary carcinoma","GSE85353"
"SRX4673563",0.0029295714,0.0008617254,7.007502e-05,0.0003400556,"aza",NA,NA,NA,"GSM3385995","4T1","Mammary carcinoma","GSE85353"
"SRX4673564",0.0019970874,0.0008770968,6.702794e-05,0.0002811936,"aza",NA,NA,NA,"GSM3385996","4T1","Mammary carcinoma","GSE85353"
"SRX4673565",0.001973601,0.0007362222,1.0240638e-05,0.0002554604,"aza",NA,NA,NA,"GSM3385997","4T1","Mammary carcinoma","GSE85353"
"SRX4673566",0.0017684322,0.0006570918,0,0.0002895458,"aza",NA,NA,NA,"GSM3385998","4T1","Mammary carcinoma","GSE85353"
"SRX4673567",0.0024969756,0.0008092458,0,0.0002526518,"aza",NA,NA,NA,"GSM3385999","4T1","Mammary carcinoma","GSE85353"
"SRX4673568",0.0024718446,0.0008647092,2.231264e-05,0.0002742716,"aza",NA,NA,NA,"GSM3386000","4T1","Mammary carcinoma","GSE85353"
"SRX4673569",0.0022471326,0.0007097682,6.100736e-05,0.000233289,"aza",NA,NA,NA,"GSM3386001","4T1","Mammary carcinoma","GSE85353"
"Mouse10_USR17006878L_HM2KTBBXX",0.00058378986,0.0006942864,0,0.000299631,"no_treatment",NA,NA,NA,"XW_Mouse10_USR17006878L_HM2KTBBXX","4T1","Mammary carcinoma","XW33589424"
"Mouse11_USR17006879L_HM2KTBBXX",0.00038954358,0.00059690052,2.628446e-05,0.0003003218,"no_treatment",NA,NA,NA,"XW_Mouse11_USR17006879L_HM2KTBBXX","4T1","Mammary carcinoma","XW33589424"
"Mouse12_USR17006880L_HM2KTBBXX",0.003530361,0.0015481512,0,0.0007235528,"no_treatment",NA,NA,NA,"XW_Mouse12_USR17006880L_HM2KTBBXX","EMT6","Mammary carcinoma","XW33589424"
"Mouse13_USR17006881L_HM2KTBBXX",0.0020710782,0.0007706376,0,0.0004592586,"no_treatment",NA,NA,NA,"XW_Mouse13_USR17006881L_HM2KTBBXX","EMT6","Mammary carcinoma","XW33589424"
"Mouse14_USR17006882L_HM2KTBBXX",0.0028493634,0.0012109356,2.88862e-06,0.00059961,"no_treatment",NA,NA,NA,"XW_Mouse14_USR17006882L_HM2KTBBXX","EMT6","Mammary carcinoma","XW33589424"
"Mouse9_USR17006877L_HM2KTBBXX",0.0020794974,0.0007369308,0.0002437318,0.0002060026,"no_treatment",NA,NA,NA,"XW_Mouse9_USR17006877L_HM2KTBBXX","4T1","Mammary carcinoma","XW33589424"
"SRX10815534",0.0034878906,0.0011008176,4.188548e-05,0.0003674354,"isotype; high.fat.diet;","high.fat.diet",NA,"Baseline","GSM5285275","E0771","Mammary adenocarcinoma","GSE174053"
"SRX10815535",0.0028148544,0.0008661378,0.00015169378,0.0002763682,"antiPD1; high.fat.diet;","high.fat.diet",NA,"NR","GSM5285276","E0771","Mammary adenocarcinoma","GSE174053"
"SRX10815536",0.0028726902,0.001022763,0,0.0004521774,"antiPD1; high.fat.diet;","high.fat.diet",NA,"NR","GSM5285277","E0771","Mammary adenocarcinoma","GSE174053"
"SRX10815537",0.0037840452,0.0014295246,9.75722e-05,0.000501314,"antiPD1; high.fat.diet;","high.fat.diet",NA,"NR","GSM5285278","E0771","Mammary adenocarcinoma","GSE174053"
"SRX10815538",0.0033320034,0.0011542686,0.00012811566,0.00039451,"isotype; high.fat.diet;","high.fat.diet",NA,"Baseline","GSM5285279","E0771","Mammary adenocarcinoma","GSE174053"
"SRX10815539",0.0026785686,0.0007386588,9.809758e-05,0.0002798652,"isotype; high.fat.diet;","high.fat.diet",NA,"Baseline","GSM5285280","E0771","Mammary adenocarcinoma","GSE174053"
"SRX10815540",0.0027499146,0.0011993166,7.188052e-05,0.0003995032,"antiPD1; high.fat.diet;","high.fat.diet",NA,"NR","GSM5285281","E0771","Mammary adenocarcinoma","GSE174053"
"SRX10815541",0.0030953256,0.0011731488,0.0002913862,0.0003762952,"antiPD1; high.fat.diet;","high.fat.diet",NA,"NR","GSM5285282","E0771","Mammary adenocarcinoma","GSE174053"
"SRX10815542",0.002922627,0.000880377,1.2200254e-05,0.0004041706,"isotype; high.fat.diet;","high.fat.diet",NA,"Baseline","GSM5285283","E0771","Mammary adenocarcinoma","GSE174053"
"SRX10815543",0.0034583658,0.00142347,9.844162e-05,0.0004723286,"isotype; high.fat.diet;","high.fat.diet",NA,"Baseline","GSM5285284","E0771","Mammary adenocarcinoma","GSE174053"
"SRX10815544",0.0029419704,0.0010733118,3.677436e-05,0.0004455672,"isotype; high.fat.diet;","high.fat.diet",NA,"Baseline","GSM5285285","E0771","Mammary adenocarcinoma","GSE174053"
"SRX10815545",0.0023163552,0.0011672874,7.963332e-05,0.0003485986,"antiPD1; high.fat.diet;","high.fat.diet",NA,"NR","GSM5285286","E0771","Mammary adenocarcinoma","GSE174053"
"SRX10815546",0.0032412264,0.0011302164,1.299653e-05,0.000331706,"antiPD1; high.fat.diet;","high.fat.diet",NA,"NR","GSM5285287","E0771","Mammary adenocarcinoma","GSE174053"
"SRX10815547",0.0022865616,0.0009562914,9.82618e-05,0.0003410738,"antiPD1; high.fat.diet;","high.fat.diet",NA,"NR","GSM5285288","E0771","Mammary adenocarcinoma","GSE174053"
"SRX10815548",0.0038298048,0.001048821,0,0.000258768,"isotype; high.fat.diet;","high.fat.diet",NA,"Baseline","GSM5285289","E0771","Mammary adenocarcinoma","GSE174053"
"SRX10815549",0.0034106646,0.0011024304,0.00017654744,0.0004086314,"isotype; high.fat.diet;","high.fat.diet",NA,"Baseline","GSM5285290","E0771","Mammary adenocarcinoma","GSE174053"
